"PLAYER","GP","DQ","EJECT","TECH","FLAG"
"A.C. Green",1431,5,0,57,3
"A.J. Guyton",80,0,0,0,0
"A.J. Price",270,1,0,2,2
"Aaron Brooks",685,9,7,46,7
"Aaron Gordon",548,7,1,26,1
"Aaron Gray",326,5,1,9,2
"Aaron Harrison",35,0,0,0,0
"Aaron Henry",6,0,0,0,0
"Aaron Holiday",258,1,0,10,1
"Aaron Jackson",8,0,0,0,0
"Aaron McKie",868,19,0,7,0
"Aaron Miles",19,0,0,0,0
"Aaron Nesmith",116,0,0,0,0
"Aaron Swinson",9,0,0,0,0
"Aaron Wiggins",50,0,0,0,0
"Aaron Williams",768,31,1,10,7
"Abdel Nader",224,0,0,0,0
"Acie Earl",194,5,0,2,0
"Acie Law",201,0,0,1,0
"Adam Harrington",19,0,0,0,0
"Adam Keefe",681,1,0,17,3
"Adam Mokoka",25,0,0,0,0
"Adam Morrison",163,0,0,8,1
"Admiral Schofield",71,1,1,2,3
"Adonal Foyle",741,14,0,0,1
"Adonis Jordan",10,0,0,0,0
"Adonis Thomas",6,0,0,0,0
"Adreian Payne",107,1,1,2,2
"Adrian Caldwell",199,1,0,2,1
"Adrian Griffin",525,9,0,2,1
"Ahmad Caver",1,0,0,0,0
"AJ Hammons",22,0,0,0,0
"Al-Farouq Aminu",751,5,0,14,0
"Al Harrington",1036,29,6,55,11
"Al Horford",1095,11,2,22,11
"Al Jefferson",936,18,1,22,0
"Al Thornton",296,12,0,5,1
"Alaa Abdelnaby",273,2,0,6,0
"Alan Anderson",348,1,1,11,0
"Alan Henderson",688,16,2,34,0
"Alan Williams",67,1,0,2,2
"Alando Tucker",51,0,0,0,0
"Alec Burks",647,4,0,2,0
"Alec Kessler",212,4,0,3,0
"Alec Peters",20,0,0,0,0
"Aleem Ford",5,0,0,0,0
"Aleksandar Djordjevic",8,0,0,0,0
"Aleksandar Radojevic",15,1,0,1,0
"Aleksej Pokusevski",106,0,0,0,0
"Alen Smailagic",29,0,0,1,0
"Alex Abrines",185,0,0,1,0
"Alex Acker",30,0,0,0,0
"Alex Caruso",256,3,0,7,0
"Alex Garcia",10,0,0,0,0
"Alex Kirk",5,0,0,0,0
"Alex Len",575,20,3,11,12
"Alex Poythress",52,1,0,0,0
"Alex Stepheson",8,1,0,0,0
"Alexander Johnson",102,7,0,2,1
"Alexey Shved",182,0,0,2,0
"Alexis Ajinca",296,3,0,6,0
"Alfonzo McKinnie",206,0,0,0,0
"Alize Johnson",78,0,0,0,0
"Allan Houston",902,21,0,5,0
"Allan Ray",47,2,0,0,0
"Allen Crabbe",398,5,1,3,0
"Allen Iverson",985,11,5,152,0
"Allonzo Trier",88,1,0,3,1
"Alonzo Gee",418,5,0,2,1
"Alonzo Mourning",933,63,5,134,12
"Alperen Sengun",72,2,0,2,0
"Alphonso Ford",11,0,0,0,0
"Alton Ford",73,0,0,2,4
"Alton Lister",1040,87,0,35,3
"Alvin Heggs",4,0,0,0,0
"Alvin Jones",23,0,0,0,1
"Alvin Williams",478,4,0,8,4
"Amal McCaskill",116,0,0,0,0
"Amar'e Stoudemire",924,36,6,136,4
"Amida Brimah",5,0,0,0,0
"Amile Jefferson",30,0,0,0,0
"Amir Coffey",144,1,0,1,0
"Amir Johnson",924,30,1,12,8
"Anderson Varejao",720,17,1,35,7
"Andray Blatche",591,8,0,33,3
"Andre Barrett",67,0,0,0,0
"Andre Brown",75,0,0,2,0
"Andre Dawkins",4,0,0,0,0
"Andre Drummond",735,29,6,81,8
"Andre Emmett",14,0,0,0,0
"Andre Iguodala",1398,9,2,36,0
"Andre Ingram",6,0,0,0,0
"Andre Miller",1372,16,4,78,12
"Andre Owens",54,0,0,0,1
"Andre Roberson",333,5,0,4,0
"Andre Spencer",48,0,0,0,0
"Andrea Bargnani",561,8,1,13,1
"Andreas Glyniadakis",13,0,0,0,1
"Andrei Kirilenko",852,14,0,1,0
"Andres Guibert",22,0,0,0,0
"Andres Nocioni",537,19,0,37,7
"Andrew Bogut",783,46,1,42,14
"Andrew Bynum",492,12,6,27,7
"Andrew DeClercq",600,31,0,17,5
"Andrew Gaze",26,0,0,0,0
"Andrew Goudelock",58,0,0,0,0
"Andrew Harrison",151,6,1,8,1
"Andrew Lang",779,33,0,32,4
"Andrew Nicholson",285,4,1,2,1
"Andrew White III",15,0,0,0,0
"Andrew Wiggins",623,8,0,5,4
"Andris Biedrins",530,34,0,3,0
"Andy Rautins",5,0,0,0,0
"Andy Toolson",62,0,0,1,0
"Anfernee Hardaway",768,10,0,43,1
"Anfernee Simons",226,2,0,1,0
"Angel Delgado",2,0,0,0,0
"Ansu Sesay",131,1,0,2,0
"Antawn Jamison",1129,14,0,28,5
"Ante Zizic",121,1,0,0,0
"Anthony Avent",361,5,0,7,0
"Anthony Bennett",151,1,0,2,0
"Anthony Bonner",341,4,0,6,1
"Anthony Bowie",501,4,0,9,2
"Anthony Brown",41,0,0,0,1
"Anthony Carter",662,7,1,17,16
"Anthony Cook",116,1,0,1,0
"Anthony Davis",643,3,2,25,3
"Anthony Edwards",150,1,1,9,0
"Anthony Gill",70,0,0,0,0
"Anthony Goldwire",266,1,0,0,0
"Anthony Grundy",12,0,0,0,0
"Anthony Johnson",893,2,2,28,3
"Anthony Lamb",26,0,0,0,0
"Anthony Mason",978,21,2,207,6
"Anthony Miller",189,3,0,3,0
"Anthony Morrow",581,1,0,12,0
"Anthony Parker",516,0,0,2,0
"Anthony Peeler",884,4,1,29,3
"Anthony Randolph",257,2,0,10,0
"Anthony Roberson",66,1,0,0,0
"Anthony Tolliver",744,6,0,1,3
"Anthony Tucker",62,0,0,2,0
"Antoine Carr",1094,68,0,59,3
"Antoine Rigaudeau",11,0,0,0,0
"Antoine Walker",957,30,10,161,6
"Antoine Wright",325,4,0,10,0
"Antonio Anderson",1,0,0,0,0
"Antonio Blakeney",76,0,0,1,0
"Antonio Burks",84,0,0,1,0
"Antonio Daniels",952,0,1,22,1
"Antonio Davis",996,38,4,83,5
"Antonio Harvey",187,0,0,6,1
"Antonio Lang",143,0,0,0,0
"Antonio McDyess",1115,58,7,60,1
"Antonis Fotsis",28,0,0,0,0
"Antonius Cleveland",30,1,0,0,0
"Anzejs Pasecniks",28,0,0,1,0
"Archie Goodwin",165,0,0,4,0
"Arinze Onuaku",19,0,0,0,0
"Armon Gilliam",963,12,0,44,11
"Armon Johnson",47,0,0,2,0
"Armoni Brooks",74,0,0,0,0
"Arnett Moultrie",59,0,0,0,0
"Aron Baynes",576,11,0,10,5
"Arron Afflalo",797,8,3,17,4
"Art Long",98,4,0,3,1
"Arvydas Macijauskas",19,0,0,0,0
"Arvydas Sabonis",521,25,1,13,1
"Ashraf Amaya",85,3,0,3,1
"Askia Jones",11,0,0,0,0
"Austin Croshere",727,11,0,5,3
"Austin Daye",298,4,0,1,2
"Austin Reaves",61,0,0,1,0
"Austin Rivers",715,4,5,35,0
"Avery Bradley",699,10,1,9,0
"Avery Johnson",1144,4,0,18,1
"Awvee Storey",60,0,0,0,2
"Axel Toupane",37,0,0,0,0
"Ayo Dosunmu",82,1,0,0,3
"B.J. Armstrong",852,1,0,5,0
"B.J. Tyler",55,0,0,0,0
"Bam Adebayo",389,6,0,9,3
"Baron Davis",885,19,5,133,9
"Ben Coleman",230,12,0,2,0
"Ben Davis",40,0,0,0,0
"Ben Gordon",773,12,2,19,8
"Ben Handlogten",38,2,0,1,0
"Ben McLemore",571,8,1,7,5
"Ben Simmons",309,6,2,23,3
"Ben Uzoh",60,0,0,0,0
"Ben Wallace",1218,5,2,66,1
"Beno Udrih",884,6,0,1,0
"Benoit Benjamin",825,28,0,69,2
"Bernard James",95,0,0,0,0
"Bernard Robinson",129,2,0,1,0
"Bill Cartwright",1087,35,0,29,1
"Bill Curley",147,8,0,3,2
"Bill Edwards",3,0,0,0,0
"Bill Laimbeer",1181,76,0,137,0
"Bill Wennington",790,23,0,3,0
"Billy Garrett Jr.",4,0,0,0,0
"Billy Owens",611,29,0,10,0
"Billy Thomas",61,0,0,0,0
"Bimbo Coles",863,18,4,65,11
"Bismack Biyombo",770,8,1,16,4
"Bison Dele",452,29,1,35,5
"BJ Johnson",22,0,0,0,0
"Blake Ahearn",22,0,0,0,0
"Blake Griffin",791,33,7,118,8
"Blue Edwards",738,11,1,67,2
"Bo Outlaw",936,19,0,40,1
"Bob Martin",54,1,0,0,0
"Bob McCann",179,2,0,4,0
"Bob Sura",670,8,3,53,4
"Bob Thornton",299,7,0,9,0
"Boban Marjanovic",317,1,1,3,2
"Bobby Brown",163,0,0,0,0
"Bobby Hurley",269,0,0,6,1
"Bobby Jackson",813,7,5,25,3
"Bobby Jones",91,0,0,1,0
"Bobby Phills",493,10,0,4,0
"Bobby Portis",491,1,4,33,9
"Bobby Simmons",475,18,0,13,3
"Bogdan Bogdanovic",338,2,0,1,2
"Bojan Bogdanovic",650,3,0,25,2
"Bol Bol",60,0,0,0,0
"Bones Hyland",74,0,0,4,0
"Boniface N'Dong",23,0,0,0,0
"Bonzi Wells",639,11,10,95,10
"Bonzie Colson",8,0,0,0,0
"Boris Diaw",1183,24,0,10,0
"Bostjan Nachbar",335,5,0,9,0
"Bracey Wright",26,0,0,0,0
"Brad Daugherty",589,12,0,25,0
"Brad Lohaus",676,20,0,5,0
"Brad Miller",918,33,7,90,24
"Brad Wanamaker",212,1,0,3,0
"Bradley Beal",690,5,3,40,6
"Brandan Wright",440,0,0,0,0
"Branden Dawson",6,0,0,0,0
"Brandon Armstrong",116,0,0,0,0
"Brandon Bass",817,5,0,10,1
"Brandon Boston Jr.",51,0,0,1,1
"Brandon Clarke",195,0,0,1,1
"Brandon Davies",78,2,0,0,0
"Brandon Goodwin",133,0,0,0,0
"Brandon Hunter",70,0,0,0,1
"Brandon Ingram",374,7,3,14,4
"Brandon Jennings",580,1,9,39,1
"Brandon Knight",451,2,0,5,2
"Brandon Paul",65,0,0,1,0
"Brandon Roy",341,4,0,5,0
"Brandon Rush",503,2,0,0,0
"Brandon Sampson",14,0,0,0,0
"Brandon Williams",42,0,0,0,0
"Braxton Key",11,1,0,0,0
"Brendan Haywood",870,20,2,29,10
"Brent Barry",1000,18,1,12,5
"Brent Price",427,8,0,3,0
"Brent Scott",16,0,0,0,0
"Brett Szabo",70,0,0,0,0
"Brevin Knight",743,21,5,49,0
"Brian Bowen II",12,0,0,0,0
"Brian Cardinal",474,4,0,6,4
"Brian Cook",452,12,2,19,2
"Brian Davis",68,0,0,0,0
"Brian Evans",107,0,0,0,0
"Brian Grant",814,48,3,56,6
"Brian Oliver",122,0,0,1,0
"Brian Roberts",324,2,0,1,0
"Brian Scalabrine",559,11,0,9,2
"Brian Shaw",1070,16,0,14,1
"Brian Skinner",629,8,0,7,2
"Briante Weber",47,0,0,1,0
"Brice Johnson",21,0,0,0,0
"Britton Johnsen",26,0,0,0,0
"Brodric Thomas",44,0,0,0,0
"Brook Lopez",941,18,0,29,4
"Brooks Thompson",176,1,0,3,0
"Bruce Bowen",1008,14,1,40,7
"Bruce Brown",289,1,0,7,1
"Bruno Caboclo",107,0,0,0,0
"Bruno Fernando",125,0,0,3,1
"Bruno Sundov",103,1,0,0,0
"Bryant Reeves",395,27,0,9,0
"Bryant Stith",601,4,0,6,0
"Bryce Cotton",23,0,0,0,0
"Bryce Dejean-Jones",14,0,0,0,0
"Bryce Drew",246,3,1,2,0
"Bryn Forbes",448,1,0,1,3
"Bryon Russell",946,15,1,17,2
"Bubba Wells",39,1,0,0,0
"Buck Williams",1415,68,1,128,5
"Buddy Hield",468,2,2,9,1
"Byron Houston",218,18,0,9,0
"Byron Mullens",190,0,0,6,2
"Byron Scott",1256,9,0,19,0
"C.J. Watson",648,5,0,3,0
"C.J. Williams",53,0,0,0,0
"Cade Cunningham",64,1,1,7,0
"Cal Bowdler",142,2,0,0,0
"Calbert Cheaney",833,14,0,8,2
"Caleb Martin",148,1,1,4,1
"Caleb Swanigan",76,2,0,0,1
"Calvin Booth",377,4,0,1,0
"Cam Reddish",137,0,1,2,2
"Cam Thomas",67,0,0,0,0
"Cameron Bairstow",36,0,0,0,0
"Cameron Johnson",217,0,0,1,0
"Cameron McGriff",3,0,0,0,0
"Cameron Oliver",6,0,0,0,0
"Cameron Payne",325,6,1,10,0
"Cameron Reynolds",24,0,0,0,0
"Caris LeVert",327,2,0,7,0
"Carl Herrera",506,7,0,14,0
"Carl Landry",550,8,0,11,5
"Carl Thomas",64,0,0,2,0
"Carlik Jones",5,0,0,0,0
"Carlos Arroyo",603,3,1,14,0
"Carlos Boozer",944,27,3,40,9
"Carlos Delfino",548,2,0,1,1
"Carlos Rogers",298,3,0,32,5
"Carmelo Anthony",1343,24,11,184,15
"Caron Butler",946,12,0,27,3
"Carrick Felix",7,0,0,0,0
"Carsen Edwards",75,0,0,0,0
"Cartier Martin",246,0,0,0,1
"Casey Jacobsen",293,0,0,2,1
"Casper Ware",9,0,0,0,0
"Cassius Stanley",33,0,0,0,0
"Cassius Winston",30,0,0,0,0
"Cedi Osman",341,3,0,7,1
"Cedric Bozeman",23,0,0,0,0
"Cedric Ceballos",668,6,0,28,0
"Cedric Henderson",264,5,0,3,1
"Cedric Jackson",12,0,0,0,0
"Cedric Lewis",3,0,0,0,0
"Cedric Simmons",75,0,0,1,0
"Cezary Trybanski",22,0,0,0,0
"Chad Gallagher",2,0,0,0,0
"Chandler Hutchison",105,0,0,1,0
"Chandler Parsons",453,5,0,6,1
"Channing Frye",939,17,2,29,9
"Charles A Smith",146,1,0,0,0
"Charles Barkley",1196,48,6,356,13
"Charles Bassey",26,1,0,0,0
"Charles Claxton",3,0,0,0,0
"Charles Cooke",13,0,0,0,0
"Charles Daniel Smith",630,39,0,23,1
"Charles E. Smith",76,0,0,0,0
"Charles J Jones",770,32,0,3,0
"Charles Jenkins",110,0,0,0,0
"Charles Jones",85,0,0,0,0
"Charles O'Bannon",52,0,0,0,0
"Charles Oakley",1426,69,6,195,25
"Charles Shackleford",303,6,0,2,0
"Charlie Bell",384,3,0,2,0
"Charlie Brown Jr.",39,0,0,0,0
"Charlie Villanueva",665,16,5,16,10
"Charlie Ward",702,13,1,3,7
"Chase Budinger",407,0,0,1,0
"Chasson Randle",119,1,0,0,1
"Chauncey Billups",1189,18,2,83,7
"Chaundee Brown Jr.",5,0,0,0,0
"Cheick Diallo",190,0,0,0,1
"Cheikh Samb",22,0,0,0,0
"Cherokee Parks",479,8,1,11,0
"Chimezie Metu",143,0,0,6,0
"Chinanu Onuaku",7,0,0,0,0
"Chris Andersen",768,7,0,15,2
"Chris Anstey",155,6,0,4,3
"Chris Babb",14,0,0,0,0
"Chris Bosh",982,11,2,36,0
"Chris Boucher",246,3,0,6,0
"Chris Carr",301,3,0,4,2
"Chris Childs",614,28,5,75,16
"Chris Chiozza",101,0,0,0,0
"Chris Clemons",35,0,0,0,1
"Chris Copeland",192,1,1,2,0
"Chris Corchiani",112,0,0,3,0
"Chris Crawford",259,12,0,4,2
"Chris Douglas-Roberts",226,0,0,1,0
"Chris Duarte",55,0,1,2,0
"Chris Dudley",945,45,2,53,3
"Chris Duhon",635,2,2,8,1
"Chris Garner",46,0,0,0,0
"Chris Gatling",715,18,5,105,12
"Chris Herren",70,0,0,1,1
"Chris Hunter",60,3,0,0,0
"Chris Jefferies",72,0,0,0,0
"Chris Jent",17,1,0,0,0
"Chris Johnson",222,1,0,4,2
"Chris Kaman",753,21,2,60,8
"Chris King",105,0,0,1,0
"Chris McCullough",59,0,0,0,0
"Chris Mihm",441,19,0,9,2
"Chris Mills",587,13,3,38,7
"Chris Morris",816,20,1,46,5
"Chris Mullin",1057,10,0,40,1
"Chris Owens",1,0,0,0,0
"Chris Paul",1297,14,5,171,6
"Chris Porter",51,2,0,0,0
"Chris Quinn",246,1,0,0,1
"Chris Richard",70,2,0,1,1
"Chris Robinson",76,2,0,2,0
"Chris Silva",69,2,0,1,0
"Chris Singleton",148,2,0,2,2
"Chris Smith",224,2,0,0,0
"Chris Taft",17,0,0,0,0
"Chris Webber",911,44,3,99,9
"Chris Whitney",589,10,0,6,0
"Chris Wilcox",628,16,1,20,0
"Chris Wright",35,0,0,0,0
"Christian Eyenga",54,0,0,0,0
"Christian Laettner",913,50,1,49,3
"Christian Wood",222,0,0,8,2
"Chuck Hayes",675,20,0,3,0
"Chuck Nevitt",171,1,0,1,0
"Chuck Person",994,35,0,63,2
"Chucky Atkins",731,12,3,16,0
"Chucky Brown",735,4,0,26,1
"Chuma Okeke",115,0,0,1,0
"CJ Elleby",90,0,0,0,0
"CJ McCollum",653,2,0,23,19
"CJ Miles",893,6,0,2,0
"CJ Wilcox",68,0,0,0,0
"Clarence Weatherspoon",933,9,1,18,1
"Cleanthony Early",56,1,0,1,0
"Cliff Alexander",8,0,0,0,0
"Cliff Levingston",912,32,0,11,0
"Clifford Robinson",1521,78,6,132,5
"Clifford Rozier",173,4,1,4,0
"Clint Capela",552,7,0,6,5
"Clint McDaniel",12,0,0,0,0
"Clyde Drexler",1231,40,1,110,1
"Coby Karl",25,1,0,0,0
"Coby White",200,2,0,2,1
"Cody Martin",171,1,1,3,1
"Cody Zeller",505,14,0,5,1
"Cole Aldrich",350,3,0,0,0
"Cole Anthony",112,0,0,9,1
"Collin Sexton",218,1,1,5,4
"Corey Beck",94,0,0,1,0
"Corey Benjamin",153,4,0,3,2
"Corey Brewer",866,12,0,12,0
"Corey Crowder",62,0,0,0,0
"Corey Gaines",84,0,0,1,0
"Corey Kispert",77,0,0,1,0
"Corey Maggette",839,30,3,40,4
"Corey Williams",39,0,0,0,0
"Corie Blount",681,12,1,9,0
"Corliss Williamson",888,20,6,51,9
"Corsley Edwards",10,1,0,0,1
"Cory Alexander",316,2,0,1,2
"Cory Higgins",44,0,0,0,0
"Cory Jefferson",58,0,0,0,0
"Cory Joseph",810,3,0,7,3
"Coty Clarke",3,0,0,0,0
"Courtney Alexander",192,1,0,0,1
"Courtney Lee",861,5,0,9,0
"Courtney Sims",5,0,0,0,0
"Craig Brackins",17,0,0,0,0
"Craig Ehlo",949,2,0,19,0
"Craig Smith",403,6,3,11,4
"Craig Sword",3,0,0,0,0
"Cristiano Felicio",258,1,0,2,0
"Curtis Borchardt",83,1,0,1,0
"Cuttino Mobley",773,9,1,58,1
"D'Angelo Russell",435,3,3,25,1
"D.J. Augustin",1014,1,1,24,2
"D.J. Strawberry",33,0,0,0,0
"D.J. White",138,0,0,1,0
"D.J. Wilson",154,0,0,0,0
"Daequan Cook",374,6,0,0,0
"Dahntay Jones",698,6,1,26,3
"Dairis Bertans",12,0,0,0,0
"Daishen Nix",24,0,0,1,0
"DaJuan Summers",83,1,0,1,0
"Dajuan Wagner",103,2,0,0,0
"Dakari Johnson",31,0,0,0,0
"Dakota Mathias",14,0,0,0,0
"Dalano Banton",68,0,0,0,0
"Dale Davis",1231,26,6,104,17
"Dale Ellis",1282,12,0,74,2
"Dalibor Bagaric",95,0,0,6,3
"Damian Jones",211,4,0,3,1
"Damian Lillard",772,2,1,33,0
"Damien Inglis",20,0,0,0,0
"Damien Wilkins",597,1,0,7,1
"Damion James",39,0,0,0,0
"Damion Lee",231,2,1,2,2
"Damir Markota",30,0,0,0,0
"Damjan Rudez",146,0,0,0,0
"Damon Jones",716,0,3,23,0
"Damon Stoudamire",931,5,0,18,1
"Damone Brown",39,0,0,0,0
"Damyean Dotson",213,0,0,1,1
"Dan Dickau",300,4,0,2,2
"Dan Gadzuric",539,14,0,2,0
"Dan Langhi",133,0,0,0,1
"Dan Majerle",1078,9,0,10,1
"Dan Mcclintock",6,1,0,0,1
"Dan O'Sullivan",45,0,0,0,0
"Dana Barros",881,3,0,6,1
"Daniel Ewing",133,1,0,0,0
"Daniel Gafford",174,4,0,9,1
"Daniel Gibson",447,9,2,9,0
"Daniel Hamilton",25,0,0,0,0
"Daniel Ochefu",19,0,0,0,0
"Daniel Orton",51,0,1,2,0
"Daniel Oturu",41,0,0,0,0
"Daniel Santiago",124,2,0,1,0
"Daniel Theis",346,12,0,10,2
"Danilo Gallinari",776,5,0,22,11
"Danny Ainge",1235,30,0,35,2
"Danny Ferry",984,9,2,37,8
"Danny Fortson",451,40,11,72,19
"Danny Granger",621,24,1,28,3
"Danny Green",984,4,0,15,2
"Danny Manning",926,43,2,70,5
"Danny Schayes",1207,62,0,5,0
"Danny Young",627,1,0,1,0
"Dante Cunningham",736,4,1,11,1
"Dante Exum",262,0,0,1,0
"Danuel House Jr.",226,0,0,4,0
"DaQuan Jeffries",47,1,0,0,1
"Dario Saric",380,2,0,11,1
"Darius Bazley",192,0,0,3,2
"Darius Garland",181,2,1,6,1
"Darius Miles",446,7,1,24,3
"Darius Miller",280,2,0,0,1
"Darius Morris",141,0,0,2,0
"Darius Songaila",516,12,0,11,2
"Darius Washington",18,0,0,0,0
"Darko Milicic",489,12,2,16,1
"Darnell Jackson",143,0,0,1,0
"Darnell Mee",43,0,0,0,0
"Darrel Armstrong",891,11,5,36,7
"Darrell Arthur",531,12,0,10,2
"Darren Collison",751,2,0,6,0
"Darren Morningstar",23,1,0,0,0
"Darrick Martin",539,4,2,11,1
"Darrin Hancock",142,2,0,1,0
"Darrun Hilliard",91,0,0,0,0
"Darryl Johnson",11,0,0,0,0
"Darryl Watkins",14,0,0,0,0
"Darvin Ham",472,7,1,12,6
"Daryl Macon",12,0,0,0,0
"Dave Jamerson",92,0,0,0,0
"Dave Johnson",59,0,0,1,0
"David Andersen",103,0,0,3,1
"David Benoit",549,5,0,10,0
"David Duke Jr.",22,0,0,0,0
"David Harrison",195,12,1,19,0
"David Lee",872,25,0,22,9
"David Noel",68,1,0,0,0
"David Nwaba",237,3,0,2,2
"David Robinson",1110,38,1,34,1
"David Stockton",8,0,0,0,0
"David Vanterpool",22,0,0,0,0
"David Vaughn",118,3,0,1,0
"David Wesley",1004,17,0,25,2
"David West",1152,9,4,92,9
"David Wingate",799,8,0,14,0
"David Wood",420,17,0,6,2
"Davion Mitchell",75,0,0,0,0
"Davis Bertans",432,4,2,26,4
"Davon Reed",79,0,0,1,0
"Day'Ron Sharpe",32,2,0,0,0
"De'Aaron Fox",322,4,2,27,1
"De'Andre Hunter",149,4,0,4,2
"De'Anthony Melton",250,2,0,0,1
"Dean Garrett",372,3,0,1,2
"Dean Oliver",35,1,0,0,0
"Dean Wade",126,1,0,0,0
"DeAndre' Bembry",296,1,2,13,2
"Deandre Ayton",271,6,0,12,3
"DeAndre Jordan",1040,13,4,104,8
"DeAndre Liggins",188,0,0,5,0
"Dee Brown",715,10,0,6,0
"Deividas Sirvydis",23,0,0,0,0
"Dejounte Murray",336,1,1,7,0
"DeJuan Blair",466,4,1,8,3
"Dejuan Wheat",81,0,0,0,0
"Dell Curry",1134,7,1,26,1
"Dell Demps",20,0,0,0,0
"Delon Wright",448,1,0,1,1
"Delonte West",490,6,2,35,4
"DeMar DeRozan",1020,4,9,106,9
"DeMarcus Cousins",674,52,18,147,9
"DeMarcus Nelson",13,0,0,0,0
"DeMarre Carroll",642,6,0,20,3
"Demetris Nichols",18,0,0,0,0
"Demetrius Jackson",26,0,0,0,0
"Deng Adel",19,0,0,0,0
"Deni Avdija",136,3,0,3,0
"Dennis Rodman",1080,38,5,272,11
"Dennis Schroder",673,3,2,39,6
"Dennis Scott",674,10,0,8,2
"Dennis Smith Jr.",216,1,0,19,1
"Denzel Valentine",260,1,1,3,1
"Deonte Burton",75,0,0,0,0
"DeQuan Jones",63,0,0,0,0
"Derek Anderson",639,7,0,6,1
"Derek Fisher",1546,26,3,64,3
"Derek Grimm",9,0,0,0,0
"Derek Harper",2592,18,0,266,14
"Derek Strong",466,5,0,13,2
"DerMarr Johnson",354,1,0,0,1
"Deron Williams",935,14,4,49,3
"Derrick Alston",139,2,0,0,0
"Derrick Brown",173,0,0,0,0
"Derrick Caracter",41,1,0,0,0
"Derrick Coleman",820,19,8,92,16
"Derrick Dial",84,0,0,0,0
"Derrick Favors",832,8,2,7,4
"Derrick Jones Jr.",302,4,0,3,2
"Derrick McKey",1079,36,1,19,4
"Derrick Rose",723,7,0,23,1
"Derrick Walton Jr.",45,0,0,0,0
"Derrick White",294,0,0,0,0
"Derrick Williams",436,0,0,3,1
"Derrick Zimmerman",2,0,0,0,0
"DeSagana Diop",629,16,0,5,4
"DeShawn Stevenson",866,4,1,30,6
"Desmon Farmer",11,0,0,0,0
"Desmond Bane",161,3,0,5,1
"Desmond Ferguson",7,0,0,0,0
"Desmond Mason",659,7,5,55,7
"Desmond Penigar",10,0,0,0,0
"Detlef Schrempf",1250,27,0,92,1
"DeVaughn Akoon-Purcell",7,0,0,0,0
"Devean George",716,16,1,21,1
"Devin Booker",509,19,6,76,13
"Devin Brown",498,3,0,3,3
"Devin Cannady",13,0,0,0,0
"Devin Ebanks",72,0,0,1,0
"Devin Gray",27,0,0,0,0
"Devin Green",27,0,0,0,0
"Devin Harris",1049,16,3,34,11
"Devin Robinson",8,0,0,0,0
"Devin Vassell",133,0,0,0,0
"Devon Dotson",22,0,0,0,0
"Devon Hall",11,0,0,0,0
"Devontae Cacok",36,0,0,1,0
"Devonte' Graham",246,1,0,7,0
"Devyn Marble",44,0,0,0,0
"Dewan Hernandez",6,0,0,0,0
"Dewayne Dedmon",507,19,2,28,1
"Dexter Boney",8,0,0,0,0
"Dexter Pittman",53,1,0,1,1
"Deyonta Davis",110,0,0,0,0
"Diamond Stone",7,0,0,1,0
"Diante Garrett",90,0,0,0,0
"Dickey Simpkins",340,5,1,5,8
"Didi Louzada",12,0,0,0,0
"Didier Ilunga-Mbenga",263,1,0,1,1
"Dijon Thompson",16,0,0,0,0
"Dikembe Mutombo",1297,30,1,133,6
"Dillon Brooks",288,20,3,39,7
"Dino Radja",228,11,0,6,2
"Dion Glover",294,2,1,3,2
"Dion Waiters",442,1,1,24,1
"Dionte Christmas",31,0,0,0,0
"Dirk Nowitzki",1667,25,4,160,12
"DJ Stephens",4,0,0,0,0
"Doc Rivers",945,46,0,57,1
"Domantas Sabonis",428,19,1,9,5
"Dominic McGuire",345,3,0,0,0
"Dominique Jones",80,0,0,0,0
"Dominique Wilkins",1130,2,0,37,0
"Don Maclean",319,1,0,15,2
"Don Reid",418,18,0,4,5
"Donald Hodge",498,12,0,4,0
"Donald Royal",540,5,0,1,0
"Donald Sloan",222,0,0,0,0
"Donald Whiteside",30,0,0,0,0
"Donatas Motiejunas",262,5,0,3,0
"Donell Taylor",101,0,0,0,0
"Donnell Harvey",205,3,1,14,2
"Donnie Boyce",30,0,0,0,0
"Donny Marshall",127,0,0,1,1
"Donovan Mitchell",384,1,2,21,2
"Donta Hall",25,0,0,0,0
"Donta Smith",61,0,0,0,0
"Dontae Jones",15,0,0,1,0
"Donte DiVincenzo",214,2,0,1,1
"Donte Greene",253,2,0,4,1
"Dontell Jefferson",6,0,0,0,0
"Dontonio Wingfield",122,2,0,2,1
"Donyell Marshall",1004,10,4,39,7
"Dorell Wright",569,1,0,5,0
"Dorian Finney-Smith",425,4,0,9,6
"Doron Lamb",100,1,0,0,0
"Doug Christie",885,29,2,34,1
"Doug Lee",75,0,0,0,0
"Doug McDermott",542,2,0,4,3
"Doug Overton",499,2,1,12,1
"Doug Smith",592,42,0,16,0
"Doug West",1358,34,0,80,8
"Douglas Edwards",86,2,0,2,0
"Dragan Bender",187,5,0,1,1
"Dragan Tarlac",43,2,0,0,1
"Draymond Green",828,26,14,147,16
"Drew Barry",60,0,0,0,0
"Drew Eubanks",170,2,0,4,1
"Drew Gooden",854,22,4,45,13
"Drew Gordon",9,0,0,0,0
"Duane Causwell",549,29,0,22,1
"Duane Cooper",90,0,0,0,0
"Duane Ferrell",617,4,0,1,1
"Duane Washington Jr.",48,0,0,0,1
"Duje Dukan",1,0,0,0,0
"Duncan Robinson",277,4,0,3,1
"Dusty Hannahs",4,0,0,0,0
"Dwayne Bacon",207,1,0,7,1
"Dwayne Jones II",91,0,0,0,0
"Dwayne Morton",41,1,0,0,1
"Dwayne Schintzius",222,2,0,1,1
"Dwight Buycks",49,0,0,0,0
"Dwight Howard",1367,52,11,210,29
"Dwight Powell",542,11,2,11,4
"Dwyane Wade",1231,9,3,105,9
"Dylan Windler",81,0,0,0,0
"Dzanan Musa",54,0,1,1,0
"E'Twaun Moore",626,0,0,4,0
"Earl Barron",140,1,0,1,1
"Earl Boykins",667,1,0,1,0
"Earl Clark",276,1,1,4,0
"Earl Cureton",728,14,0,6,0
"Earl Watson",890,6,0,18,0
"Ed Davis",755,15,3,16,7
"Ed Gray",68,1,0,2,0
"Ed O'Bannon",128,0,0,1,0
"Ed Pinckney",823,9,0,2,0
"Ed Stokes",4,0,0,0,0
"Eddie A. Johnson",1288,29,0,62,1
"Eddie Basden",19,0,0,0,0
"Eddie Gill",196,1,0,1,0
"Eddie Griffin",303,3,0,4,0
"Eddie House",783,3,0,26,6
"Eddie Jones",1035,24,0,14,3
"Eddie Robinson",292,3,0,0,0
"Eddy Curry",527,28,0,27,5
"Edmond Sumner",112,0,0,0,0
"Eduardo Najera",678,12,2,30,8
"Edy Tavares",13,0,0,0,0
"Efthimios Rentzias",35,0,0,0,0
"Ekpe Udoh",400,3,0,1,0
"Elden Campbell",1150,40,2,73,9
"Eldridge Recasner",313,1,0,7,0
"Elfrid Payton",504,2,3,16,1
"Elie Okobo",108,1,0,0,0
"Elijah Bryant",12,0,0,0,0
"Elijah Hughes",54,0,0,1,1
"Elijah Millsap",69,0,0,1,0
"Elliot Perry",568,2,0,1,0
"Elliot Williams",109,0,0,0,0
"Elmer Bennett",21,0,0,0,0
"Elmore Spencer",157,4,0,2,0
"Elton Brand",1098,25,2,32,18
"Emanual Davis",226,0,0,1,1
"Emanuel Terry",6,0,0,0,0
"Emeka Okafor",623,17,0,5,0
"Emmanuel Mudiay",305,1,0,0,1
"Enes Freedom",807,5,1,22,4
"Ennis Whatley",416,5,0,2,0
"Eric Anderson",29,0,0,1,0
"Eric Bledsoe",804,9,4,48,5
"Eric Gordon",804,8,1,14,0
"Eric Leckner",456,9,0,4,0
"Eric Maynor",290,0,0,1,1
"Eric Mika",1,0,0,0,0
"Eric Mobley",113,1,0,2,0
"Eric Montross",481,19,1,11,1
"Eric Moreland",91,0,0,5,0
"Eric Murdock",516,6,0,8,0
"Eric Paschall",162,2,0,2,0
"Eric Piatkowski",806,1,0,6,1
"Eric Riley",186,3,0,3,0
"Eric Snow",949,14,1,24,4
"Eric Washington",104,2,0,1,1
"Eric Williams",684,11,1,4,12
"Erick Barkley",27,0,0,0,0
"Erick Dampier",1048,44,2,24,10
"Erick Green",52,0,0,0,0
"Erick Strickland",521,9,1,17,1
"Erik Daniels",21,0,0,0,0
"Erik Jay Murphy",24,0,0,0,0
"Ernest Brown",3,0,0,0,0
"Ersan Ilyasova",877,22,0,4,2
"Ervin Johnson",922,36,0,38,4
"Esteban Batista",70,2,0,1,0
"Etan Thomas",427,8,0,13,5
"Etdrick Bohannon",26,0,0,0,0
"Eugene Jeter",62,0,0,0,0
"Eugene Omoruyi",4,0,0,0,0
"Evan Eschmeyer",161,9,0,3,1
"Evan Fournier",664,11,2,27,1
"Evan Mobley",69,0,0,0,1
"Evan Turner",768,7,3,35,4
"Evers Burns",23,0,0,1,0
"Evric Gray",5,0,0,0,0
"Fabricio Oberto",382,7,0,2,0
"Facundo Campazzo",144,0,0,4,1
"Fat Lever",800,11,0,1,0
"Felipe Lopez",256,0,0,6,0
"Felton Spencer",1352,106,0,18,0
"Festus Ezeli",225,3,1,2,1
"Francisco Elson",502,5,2,19,3
"Francisco Garcia",563,10,0,15,3
"Frank Brickowski",768,68,0,93,4
"Frank Jackson",213,2,0,4,0
"Frank Johnson",650,3,0,7,0
"Frank Kaminsky",394,2,0,9,0
"Frank Mason III",105,0,0,1,0
"Frank Ntilikina",284,6,0,2,1
"Frank Williams",90,0,0,1,0
"Frankie King",13,0,0,0,0
"Franz Wagner",79,1,0,0,0
"Fred Hoiberg",565,2,0,0,1
"Fred Jones",463,10,0,1,1
"Fred Roberts",885,15,0,20,0
"Fred VanVleet",400,1,0,19,2
"Fred Vinson",13,0,0,0,0
"Freddie Gillespie",29,0,0,1,1
"Furkan Aldemir",41,1,0,0,0
"Furkan Korkmaz",286,0,0,0,1
"Gabe Pruitt",66,0,0,1,0
"Gabe Vincent",149,3,0,4,0
"Gabe York",2,0,0,0,0
"Gabriel Deck",17,0,0,0,0
"Gabriel Lundberg",4,0,0,0,0
"Gal Mekel",35,0,0,0,0
"Garret Siler",21,0,0,0,0
"Garrett Temple",722,7,0,3,0
"Garrison Mathews",150,0,0,10,1
"Garth Joseph",4,0,0,0,0
"Gary Alexander",11,0,0,0,0
"Gary Clark",177,0,0,0,1
"Gary Forbes",111,0,0,0,0
"Gary Grant",569,13,0,12,0
"Gary Harris",496,6,0,8,2
"Gary Neal",397,0,0,3,0
"Gary Payton",1489,10,11,278,1
"Gary Payton II",152,1,0,1,0
"Gary Trent",534,8,1,26,16
"Gary Trent Jr.",215,1,1,8,2
"Gaylon Nickerson",4,0,0,0,0
"Geert Hammink",8,0,0,0,0
"Geno Carlisle",6,0,0,0,0
"George Hill",1013,12,1,27,2
"George King",5,0,0,0,0
"George Lynch",836,13,1,16,2
"George McCloud",780,11,1,22,4
"George Zidek",135,2,0,1,0
"Georges Niang",340,5,0,5,5
"Georgios Kalaitzakis",13,0,0,0,0
"Georgios Papagiannis",39,0,0,1,0
"Gerald Fitch",18,0,0,1,0
"Gerald Glass",402,6,0,0,0
"Gerald Green",726,7,2,30,3
"Gerald Henderson",550,5,2,36,7
"Gerald Madkins",48,0,0,0,0
"Gerald Paddio",138,0,0,0,0
"Gerald Wallace",865,20,5,72,3
"Gerald Wilkins",955,8,0,7,0
"Gerard King",134,3,0,1,0
"Gheorghe Muresan",310,18,0,6,0
"Gian Clavell",7,0,0,0,0
"Giannis Antetokounmpo",732,29,4,31,11
"Gilbert Arenas",583,22,2,47,4
"Glen Davis",610,22,1,25,6
"Glen Rice",1055,5,0,17,3
"Glen Rice Jr.",16,0,0,0,0
"Glenn Robinson",727,21,5,56,10
"Glenn Robinson III",316,0,0,0,1
"God Shammgod",20,0,0,0,0
"Goga Bitadze",149,3,1,6,0
"Goran Dragic",948,11,2,42,3
"Gordan Giricek",413,3,0,4,1
"Gordon Hayward",763,1,0,6,0
"Gorgui Dieng",604,4,2,14,4
"Grant Hill",1065,10,1,40,2
"Grant Jerrett",8,0,0,0,0
"Grant Long",1045,62,1,22,4
"Grant Riller",7,0,0,0,0
"Grant Williams",253,3,0,7,3
"Grayson Allen",211,1,1,4,3
"Greg Anderson",697,21,0,34,6
"Greg Anthony",859,5,0,59,6
"Greg Brown III",48,1,0,2,1
"Greg Buckner",608,4,0,9,4
"Greg Dreiling",483,9,0,14,1
"Greg Foster",723,5,1,37,2
"Greg Graham",213,0,0,2,0
"Greg Grant",284,1,0,5,0
"Greg Kite",741,18,0,24,1
"Greg Minor",281,1,0,0,0
"Greg Monroe",675,5,4,36,0
"Greg Oden",114,6,0,2,1
"Greg Ostertag",845,25,6,53,10
"Greg Smith",155,3,0,1,0
"Greg Stiemsma",223,10,0,9,2
"Greg Sutton",173,0,0,2,0
"Greivis Vasquez",425,4,0,11,1
"Guerschon Yabusele",90,0,0,0,0
"Guillermo Diaz",6,0,0,0,0
"Gustavo Alfonso Ayon",138,2,0,0,0
"Ha Seung-Jin",46,0,0,0,0
"Hakeem Olajuwon",1383,85,2,150,1
"Hakim Warrick",532,5,1,9,0
"Hamady Ndiaye",33,0,0,0,0
"Hamed Haddadi",164,1,0,3,0
"Hamidou Diallo",210,1,1,16,2
"Hanno Mottola",155,8,0,1,0
"Harold Ellis",145,0,0,4,0
"Harold Jamison",37,0,0,0,1
"Harold Miner",204,3,0,3,0
"Harrison Barnes",811,1,0,2,1
"Harry Giles III",142,4,1,12,2
"Harvey Grant",802,12,0,23,1
"Hasheem Thabeet",230,3,0,6,1
"Hassan Adams",79,0,0,0,0
"Hassan Whiteside",537,11,7,48,5
"Hassani Gravett",8,0,0,0,0
"Haywood Highsmith",32,0,0,0,0
"Haywoode Workman",400,2,0,8,0
"Hedo Turkoglu",1106,21,4,56,7
"Henry Ellenson",83,0,0,0,0
"Henry James",228,3,0,1,0
"Henry Sims",135,1,0,2,0
"Henry Turner",66,0,0,0,0
"Henry Walker",189,4,1,11,4
"Herb Williams",1159,37,0,13,0
"Herbert Jones",84,5,1,2,1
"Hersey Hawkins",1057,10,0,15,0
"Hilton Armstrong",319,5,1,2,4
"Hiram Fuller",4,0,0,0,0
"Hollis Thompson",265,3,0,0,0
"Horace Grant",1335,26,0,22,2
"Horace Jenkins",15,0,0,0,0
"Horacio Llamas",28,0,0,0,0
"Howard Eisley",874,12,0,20,2
"Howard Nathan",5,0,0,0,0
"Hubert Davis",734,3,0,3,1
"Ian Clark",371,0,0,1,0
"Ian Mahinmi",685,21,0,18,2
"Ignas Brazdeikis",64,0,0,1,0
"Igor Rakocevic",42,0,0,1,0
"Ike Anigbogu",14,0,0,0,0
"Ike Diogu",225,7,0,1,0
"Ike Fontaine",6,0,0,0,0
"Iman Shumpert",540,9,0,16,1
"Ime Udoka",337,3,1,6,0
"Immanuel Quickley",147,0,0,1,0
"Ira Bowman",24,0,0,0,0
"Ira Newble",392,5,0,17,2
"Isaac Austin",452,11,1,26,4
"Isaac Bonga",143,0,0,0,0
"Isaac Humphries",5,0,0,0,0
"Isaac Okoro",134,3,0,0,1
"Isaiah Briscoe",39,0,0,1,0
"Isaiah Canaan",238,0,0,3,0
"Isaiah Hartenstein",167,4,0,5,1
"Isaiah Hicks",21,1,0,0,0
"Isaiah Jackson",36,2,0,2,1
"Isaiah Joe",107,0,0,0,0
"Isaiah Livers",19,0,0,0,0
"Isaiah Rider",584,11,2,70,4
"Isaiah Roby",109,7,0,1,1
"Isaiah Stewart",139,3,2,12,2
"Isaiah Taylor",74,1,1,1,0
"Isaiah Thomas",575,2,7,69,6
"Isaiah Todd",12,0,0,0,0
"Isaiah Whitehead",89,1,0,1,0
"Ish Smith",738,1,0,6,1
"Ish Wainright",52,1,0,0,0
"Isiah Thomas",1090,56,0,88,0
"Ivan Johnson",136,3,0,10,0
"Ivan McFarlin",11,0,0,0,0
"Ivan Rabb",85,0,0,0,0
"Ivano Newbill",137,1,0,1,1
"Ivica Zubac",394,7,0,2,1
"J.J. Barea",881,5,4,32,3
"J.P. Macura",3,0,0,0,0
"J.R. Bremer",110,1,0,0,0
"J.R. Giddens",38,0,0,0,0
"J.R. Reid",719,25,2,80,6
"Ja Morant",201,0,2,15,0
"Jabari Bird",13,0,0,0,0
"Jabari Brown",19,0,0,0,0
"Jabari Parker",321,4,0,2,0
"Jabari Smith",115,1,0,2,1
"Jack Cooley",23,0,0,0,0
"Jack Haley",355,1,0,9,1
"Jackie Butler",69,0,0,1,0
"Jackson Vroman",87,5,0,3,0
"Jacob Evans",66,0,0,0,0
"Jacob Pullen",3,0,0,0,0
"Jacob Wiley",5,0,0,0,0
"Jacque Vaughn",851,3,0,4,3
"Jaden McDaniels",139,9,0,1,1
"Jaden Springer",7,0,0,0,0
"Jae'Sean Tate",148,5,0,14,2
"Jae Crowder",842,12,6,61,7
"Jahidi White",334,12,1,13,2
"Jahlil Okafor",247,3,0,3,1
"Jahmi'us Ramsey",32,0,0,0,0
"JaKarr Sampson",240,2,1,4,6
"Jake Layman",252,0,0,0,0
"Jake Tsakalidis",325,8,0,7,0
"Jake Voskuhl",456,14,0,17,7
"Jakob Poeltl",438,9,0,1,2
"Jalen Brunson",302,2,0,2,0
"Jalen Green",67,0,0,2,0
"Jalen Harris",13,0,0,0,0
"Jalen Johnson",22,0,0,0,0
"Jalen Jones",32,0,0,1,0
"Jalen Lecque",9,0,0,0,0
"Jalen McDaniels",118,0,0,3,1
"Jalen Rose",982,16,5,69,7
"Jalen Smith",84,2,1,5,1
"Jalen Suggs",48,2,0,1,1
"Jamaal Franklin",26,0,0,0,0
"Jamaal Magloire",726,18,8,74,17
"Jamaal Tinsley",588,23,3,65,16
"Jamal Crawford",1401,1,1,63,2
"Jamal Mashburn",663,13,1,18,6
"Jamal Murray",378,3,1,11,2
"Jamal Robinson",6,0,0,0,0
"Jamal Sampson",72,0,0,2,0
"Jamario Moon",305,0,0,0,0
"Jameel Warney",3,0,0,0,0
"Jameer Nelson",922,20,2,28,5
"Jamel Artis",15,0,0,0,0
"Jamel Thomas",12,0,0,0,0
"James Anderson",257,0,0,0,0
"James Augustine",28,0,0,0,0
"James Blackwell",13,0,0,0,0
"James Bouknight",31,0,0,1,0
"James Collins",23,0,0,0,0
"James Cotton",19,0,0,0,0
"James Donaldson",1008,7,0,22,0
"James Edwards",1279,99,0,47,1
"James Ennis III",417,5,1,4,2
"James Harden",1091,16,1,57,12
"James Johnson",771,20,4,30,6
"James Jones",857,4,1,6,3
"James Lang",11,0,0,0,0
"James Michael McAdoo",137,0,0,0,0
"James Nunnally",37,0,0,1,0
"James Posey",929,21,4,45,17
"James Robinson",395,1,2,14,0
"James Scott",8,0,0,0,0
"James Singleton",259,3,0,5,0
"James Southerland",4,0,0,0,0
"James Thomas",33,0,0,0,2
"James Webb III",10,0,0,0,0
"James White",76,0,0,0,0
"James Wiseman",39,4,0,2,0
"James Worthy",1069,10,0,48,0
"James Young",108,0,0,0,0
"Jamie Feick",201,2,1,5,1
"Jamie Watson",107,0,0,0,0
"Jamil Wilson",15,1,0,0,0
"Jamison Brewer",56,0,0,0,0
"Jamorko Pickett",13,0,0,0,0
"JaMychal Green",536,17,1,33,3
"Jan Vesely",162,4,0,1,0
"Jannero Pargo",540,3,0,1,1
"Jared Butler",42,0,0,0,0
"Jared Cunningham",84,0,0,0,0
"Jared Dudley",948,6,5,8,5
"Jared Harper",16,0,0,0,0
"Jared Jeffries",654,14,0,9,3
"Jared Reiner",46,1,0,0,1
"Jared Sullinger",279,14,1,8,11
"Jared Terrell",14,0,0,0,1
"Jarell Eddie",34,0,0,0,0
"Jarell Martin",192,4,0,0,0
"Jaren Jackson",470,7,0,2,1
"Jaren Jackson Jr.",221,20,0,10,0
"Jarnell Stokes",28,1,0,0,0
"Jaron Blossomgame",27,0,0,0,0
"Jarred Vanderbilt",175,4,0,5,1
"Jarrell Brantley",41,0,0,0,0
"Jarrett Allen",350,10,0,8,1
"Jarrett Culver",137,0,0,1,0
"Jarrett Jack",891,2,0,23,7
"Jarrod Uthoff",16,0,0,0,0
"Jarron Collins",578,17,0,10,5
"Jarron Cumberland",3,0,0,0,0
"Jarvis Hayes",442,5,0,0,0
"Jarvis Varnado",37,0,0,0,0
"Jason Caffey",497,30,0,6,2
"Jason Collier",151,5,0,3,0
"Jason Collins",830,46,3,31,13
"Jason Hart",364,4,0,6,1
"Jason Kapono",519,2,0,0,0
"Jason Kidd",1549,5,3,30,4
"Jason Lawson",17,1,0,0,0
"Jason Maxiell",653,3,0,19,2
"Jason Richardson",894,10,1,24,1
"Jason Sasser",14,0,0,0,0
"Jason Smith",642,11,1,13,5
"Jason Terry",1534,8,5,48,24
"Jason Thompson",598,28,0,37,0
"Jason Williams",855,0,8,50,0
"JaVale McGee",895,14,1,21,8
"Javaris Crittenton",113,0,0,2,0
"Javonte Green",160,0,0,0,1
"Javonte Smart",17,0,0,0,0
"Jawad Williams",90,0,0,1,1
"Jawun Evans",56,0,0,0,0
"Jaxson Hayes",200,2,1,6,3
"Jay Guidinger",68,0,0,0,0
"Jay Humphries",829,17,0,33,1
"Jay Scrubb",22,0,0,0,0
"Jay Williams",75,1,0,1,0
"Jaylen Adams",41,0,0,0,0
"Jaylen Brown",486,8,0,19,2
"Jaylen Hoard",42,0,0,0,0
"Jaylen Morris",13,0,0,0,0
"Jaylen Nowell",120,1,0,2,0
"Jayson Tatum",437,3,0,37,3
"Jayson Williams",484,24,1,23,2
"Jeff Adrien",153,1,0,2,1
"Jeff Ayres",275,0,1,8,0
"Jeff Dowtin",9,0,0,0,0
"Jeff Foster",817,24,1,25,15
"Jeff Grayer",448,2,0,6,0
"Jeff Green",1134,13,0,9,1
"Jeff Hornacek",1217,17,0,60,1
"Jeff Malone",956,8,0,41,0
"Jeff McInnis",583,10,1,26,2
"Jeff Nordgaard",13,0,0,0,0
"Jeff Teague",913,5,2,26,9
"Jeff Trepagnier",31,0,0,0,0
"Jeff Turner",636,40,0,11,0
"Jeff Webster",11,0,0,0,0
"Jeff Withey",210,1,0,0,0
"Jeffery Taylor",132,1,0,2,0
"Jelani McCoy",263,2,0,12,1
"Jemerrio Jones",8,0,0,1,0
"Jerald Honeycutt",60,0,0,2,2
"Jerami Grant",590,6,0,7,2
"Jerel McNeal",6,0,0,0,0
"Jeremiah Martin",21,0,0,0,0
"Jeremiah Robinson-Earl",49,0,0,0,0
"Jeremy Evans",252,2,0,0,0
"Jeremy Lamb",587,5,1,7,0
"Jeremy Lin",505,4,0,3,0
"Jeremy Pargo",86,0,0,2,0
"Jeremy Richardson",49,0,0,0,0
"Jeremy Tyler",104,1,0,2,0
"Jerian Grant",287,0,0,0,0
"Jericho Sims",41,1,0,0,0
"Jermaine Jackson",141,0,0,0,0
"Jermaine O'Neal",1108,39,9,160,10
"Jermaine Taylor",65,0,0,0,0
"Jermareo Davidson",52,0,0,0,0
"Jerome Adolphus Jordan",67,0,0,0,0
"Jerome Allen",117,0,0,0,0
"Jerome Beasley",2,0,0,0,0
"Jerome Harmon",10,0,0,0,0
"Jerome James",375,13,2,17,1
"Jerome Kersey",1279,53,2,128,7
"Jerome Moiso",149,1,0,0,0
"Jerome Robinson",118,0,0,0,0
"Jerome Williams",612,3,0,11,0
"Jerrod Mustaf",189,0,0,2,0
"Jerry Reynolds",461,1,0,4,0
"Jerry Stackhouse",1045,8,12,119,16
"Jerryd Bayless",616,9,0,27,8
"Jeryl Sasser",88,0,0,1,0
"Jevon Carter",241,0,0,2,1
"Jim Farmer",141,0,0,0,0
"Jim Jackson",1866,8,6,72,4
"Jim Les",324,0,0,4,0
"Jim Mcilvaine",412,11,0,1,0
"Jimmer Fredette",241,0,0,0,0
"Jimmy Butler",787,1,3,43,1
"Jimmy Carruth",4,0,0,0,0
"Jimmy King",64,0,0,0,0
"Jimmy Oliver",78,0,0,0,0
"Jiri Welsch",255,2,0,1,0
"JJ Hickson",545,2,0,6,0
"JJ Redick",1050,7,4,46,2
"Jo Jo English",57,0,0,0,0
"Joakim Noah",734,26,5,77,2
"Jock Landale",54,0,0,0,0
"Jodie Meeks",573,0,0,1,1
"Joe Alexander",67,1,0,0,0
"Joe Chealey",5,0,0,0,0
"Joe Courtney",96,1,0,0,0
"Joe Crawford",2,0,0,0,0
"Joe Dumars",1130,7,0,12,2
"Joe Harris",439,8,0,2,0
"Joe Ingles",635,2,3,36,3
"Joe Johnson",1397,4,1,18,4
"Joe Kleine",1015,9,0,47,2
"Joe Smith",1092,40,1,14,11
"Joe Stephens",22,0,0,0,0
"Joe Wieskamp",29,0,0,0,0
"Joe Wolf",606,22,0,5,2
"Joe Young",132,0,1,1,0
"Joel Anthony",556,3,0,2,0
"Joel Ayayi",7,0,0,0,0
"Joel Bolomboy",20,0,0,0,0
"Joel Embiid",372,7,1,51,19
"Joel Freeland",162,1,1,7,0
"Joel Przybilla",603,11,4,58,2
"Joey Dorsey",136,2,0,4,0
"Joey Graham",389,7,1,2,2
"Joffrey Lauvergne",212,4,0,2,0
"Johan Petro",495,4,0,3,2
"John Amaechi",301,4,0,5,1
"John Bagley",684,3,0,3,0
"John Battle",667,0,0,13,0
"John Coker",25,0,0,0,0
"John Collins",316,13,1,7,4
"John Crotty",513,1,0,12,0
"John Edwards",65,1,0,0,1
"John Henson",459,3,1,27,4
"John Holland",25,0,0,0,0
"John Hotrod Williams",944,26,0,14,1
"John Jenkins",179,0,0,0,0
"John Konchar",143,0,0,0,0
"John Long",916,13,0,15,0
"John Lucas III",249,0,1,2,0
"John Paxson",891,13,0,33,0
"John S. Williams",448,9,0,10,0
"John Salley",882,54,0,20,3
"John Salmons",923,7,0,17,0
"John Starks",962,32,1,78,7
"John Stockton",1686,36,0,49,0
"John Thomas",217,2,0,1,2
"John Wall",650,3,5,81,10
"John Wallace",386,8,1,15,4
"Johnathan Motley",46,0,0,0,0
"Johnathan Williams",39,0,0,0,0
"Johnny Dawkins",554,2,0,6,0
"Johnny Newman",1198,49,0,43,5
"Johnny O'Bryant III",148,1,0,0,0
"Johnny Taylor",54,1,0,0,0
"Jon Barry",883,3,1,42,5
"Jon Brockman",150,1,0,1,0
"Jon Koncak",837,48,0,35,2
"Jon Leuer",390,2,0,1,2
"Jonah Bolden",61,1,1,1,0
"Jonas Jerebko",683,9,0,14,1
"Jonas Valanciunas",749,19,0,59,9
"Jonathan Bender",296,1,0,3,1
"Jonathan Gibson",21,0,0,0,0
"Jonathan Isaac",141,0,0,0,0
"Jonathan Kuminga",85,2,0,3,3
"Jonathon Simmons",283,2,0,3,1
"Jonny Flynn",163,0,0,6,0
"Jontay Porter",11,0,0,0,0
"Jordan Adams",36,0,0,0,0
"Jordan Bell",193,1,0,2,0
"Jordan Bone",24,0,0,0,0
"Jordan Clarkson",643,3,2,21,2
"Jordan Crawford",294,0,0,18,1
"Jordan Farmar",577,1,0,6,1
"Jordan Hamilton",154,0,1,1,1
"Jordan Hill",429,5,1,3,0
"Jordan Loyd",12,0,0,0,0
"Jordan McLaughlin",148,0,0,1,0
"Jordan McRae",125,0,0,4,0
"Jordan Mickey",68,0,0,0,0
"Jordan Nwora",105,0,0,0,1
"Jordan Poole",204,2,0,13,1
"Jordan Schakel",4,0,0,0,0
"Jordan Sibert",1,0,0,0,0
"Jorge Garbajosa",74,0,0,0,0
"Jorge Gutierrez",53,1,1,0,1
"Jose Alvarado",60,0,0,3,0
"Jose Calderon",935,3,0,20,4
"Joseph Crispin",21,0,0,0,0
"Joseph Forte",25,0,0,0,0
"Josh Boone",268,3,0,0,0
"Josh Childress",398,3,0,0,1
"Josh Christopher",74,0,0,0,0
"Josh Davis",67,0,0,0,0
"Josh Emmanuel Akognon",3,0,0,0,0
"Josh Giddey",54,1,0,0,0
"Josh Grant",53,0,0,0,0
"Josh Gray",7,0,0,0,0
"Josh Green",123,0,0,0,0
"Josh Hall",21,0,0,0,0
"Josh Harrellson",79,0,0,1,0
"Josh Hart",296,5,2,24,2
"Josh Howard",573,21,1,39,8
"Josh Huestis",82,1,0,0,0
"Josh Jackson",291,12,4,39,6
"Josh Magette",26,0,0,0,0
"Josh McRoberts",458,6,2,15,2
"Josh Okogie",244,1,0,4,1
"Josh Powell",362,0,0,6,0
"Josh Reaves",6,0,0,0,0
"Josh Richardson",468,3,1,18,2
"Josh Selby",38,0,0,1,0
"Josh Smith",967,28,5,98,8
"Joshua Primo",50,1,0,0,0
"JR Smith",1117,10,7,72,17
"Jrue Holiday",904,12,0,12,1
"JT Thor",33,0,0,0,0
"Juan Carlos Navarro",82,0,0,1,0
"Juan Dixon",454,2,0,5,0
"Juan Toscano-Anderson",152,1,0,5,0
"Juancho Hernangomez",308,0,0,0,0
"Juaquin Hawkins",58,0,0,0,0
"Jud Buechler",791,1,0,2,1
"Julian Washburn",18,0,0,0,0
"Julian Wright",246,0,0,0,0
"Julius Hodge",23,0,0,0,0
"Julius Nwosu",23,0,0,0,0
"Julius Randle",523,16,3,50,4
"Julyan Stone",74,0,0,0,0
"Jumaine Jones",500,9,1,13,1
"Junior Burrough",61,0,0,0,1
"Junior Harrington",140,7,0,2,2
"Justin Anderson",257,0,0,11,3
"Justin Champagnie",36,0,1,1,0
"Justin Hamilton",113,0,0,1,1
"Justin Harper",22,0,0,0,0
"Justin Holiday",585,5,1,4,1
"Justin Jackson",263,0,0,0,0
"Justin James",72,0,0,0,0
"Justin Patton",22,1,0,0,0
"Justin Reed",142,1,0,5,1
"Justin Robinson",43,0,0,0,0
"Justin Williams",49,0,0,0,0
"Justin Wright-Foreman",4,0,0,0,0
"Justise Winslow",334,3,0,9,4
"Jusuf Nurkic",427,26,2,29,5
"Juwan Howard",1257,27,7,114,27
"Juwan Morgan",68,1,0,0,0
"Kadeem Allen",47,1,0,0,0
"Kai Jones",21,0,0,0,0
"Kalin Lucas",2,0,0,0,0
"Kaniel Dickens",19,0,0,0,0
"Kareem Rush",377,0,0,0,2
"Karim Mane",10,0,0,0,0
"Karl-Anthony Towns",493,24,2,45,9
"Karl Malone",1669,34,7,377,9
"Kasib Powell",11,0,0,0,0
"Kawhi Leonard",711,2,0,4,0
"Kay Felder",58,0,0,0,0
"Kebu Stewart",15,0,0,0,0
"Kedrick Brown",148,1,0,1,0
"Keifer Sykes",32,0,0,1,0
"Keita Bates-Diop",168,0,0,0,0
"Keith Appling",5,0,0,0,0
"Keith Askins",513,15,2,17,5
"Keith Bogans",707,5,0,16,3
"Keith Booth",45,0,0,1,1
"Keith Closs",130,1,0,1,0
"Keith Jennings",167,0,0,0,1
"Keith Langford",2,0,0,0,0
"Keith McLeod",200,2,1,5,0
"Keith Tower",53,1,0,1,1
"Keith Van Horn",632,32,0,11,2
"Kelan Martin",96,0,0,2,0
"Keldon Johnson",161,1,0,0,1
"Kelenna Azubuike",215,3,0,1,0
"Keljin Blevins",50,0,0,0,0
"Kelly Olynyk",658,13,0,10,1
"Kelly Oubre Jr.",497,9,3,41,4
"Kelvin Cato",562,15,1,52,9
"Kemba Walker",772,3,1,52,1
"Ken Johnson",16,0,0,0,0
"Ken Norman",659,5,0,72,2
"Kendall Gill",993,22,1,47,1
"Kendall Marshall",160,0,0,0,0
"Kendrick Nunn",142,1,0,1,1
"Kendrick Perkins",925,27,5,128,16
"Kenneth Faried",496,5,0,33,3
"Kenny Anderson",894,17,1,82,2
"Kenny Gattison",507,16,0,4,1
"Kenny Satterfield",75,0,0,0,0
"Kenny Smith",805,3,0,9,0
"Kenny Thomas",655,22,3,39,6
"Kenny Walker",474,15,0,1,0
"Kenny Williams",277,1,0,0,0
"Kenrich Williams",200,0,0,3,0
"Kent Bazemore",698,9,1,50,2
"Kentavious Caldwell-Pope",713,1,2,36,4
"Kenyon Martin",869,58,12,130,21
"Kenyon Martin Jr.",124,3,0,5,0
"Keon Clark",381,13,0,14,2
"Keon Johnson",37,0,0,0,2
"Kerry Kittles",561,3,0,8,1
"Kessler Edwards",50,0,0,0,0
"Kevin Brooks",128,0,0,0,0
"Kevin Burleson",39,2,0,0,0
"Kevin Duckworth",751,39,0,63,2
"Kevin Durant",1094,6,10,119,8
"Kevin Edwards",611,4,0,6,0
"Kevin Gamble",680,12,0,3,0
"Kevin Garnett",1605,29,8,194,6
"Kevin Hervey",10,0,0,0,0
"Kevin Huerter",297,4,0,6,2
"Kevin Johnson",840,6,0,30,0
"Kevin Jones",32,0,0,0,0
"Kevin Knox II",215,0,0,0,0
"Kevin Love",875,6,0,19,5
"Kevin Martin",736,6,0,14,0
"Kevin Murphy",17,0,0,0,0
"Kevin Ollie",704,2,0,0,1
"Kevin Pangos",24,0,0,0,0
"Kevin Porter Jr.",137,4,2,11,2
"Kevin Pritchard",94,1,0,0,0
"Kevin Salvadori",39,0,0,0,0
"Kevin Seraphin",437,3,1,6,1
"Kevin Thompson",14,0,0,0,0
"Kevin Willis",1522,42,8,180,18
"Kevinn Pinkney",6,0,0,0,0
"Kevon Looney",429,5,0,1,3
"Keyon Dooling",791,5,1,12,5
"Khalid El-Amin",50,0,0,0,0
"Khalid Reeves",277,9,0,1,1
"Khem Birch",278,2,0,1,0
"Khris Middleton",720,13,3,26,3
"Khyri Thomas",42,0,0,0,0
"Killian Hayes",92,3,0,1,0
"Killian Tillie",54,0,0,0,0
"Kim English",41,1,0,0,1
"Kira Lewis Jr.",78,1,0,0,0
"Kirk Haston",29,0,0,0,0
"Kirk Hinrich",950,42,3,47,4
"Kirk Penney",6,0,0,0,0
"Kirk Snyder",214,1,1,9,2
"Kiwane Garris",31,0,0,0,0
"KJ McDaniels",152,0,0,3,0
"Klay Thompson",790,8,0,15,2
"Kobe Bryant",1566,21,7,196,9
"Kobi Simmons",33,1,0,0,0
"Kornel David",109,0,0,0,0
"Kosta Koufos",723,11,0,19,1
"Kosta Perovic",7,0,0,0,0
"Kostas Antetokounmpo",22,0,0,0,0
"Kostas Papanikolaou",77,0,0,1,0
"Kris Dunn",250,14,1,13,2
"Kris Humphries",822,5,1,12,4
"Kris Joseph",10,0,0,0,0
"Kristaps Porzingis",347,18,2,28,0
"Kurt Rambis",1019,10,0,14,0
"Kurt Thomas",1206,75,6,73,14
"Kwame Brown",625,7,2,23,3
"Kyle Alexander",2,0,0,0,0
"Kyle Anderson",552,2,1,14,1
"Kyle Collinsworth",32,0,0,0,0
"Kyle Guy",53,0,0,0,0
"Kyle Korver",1377,12,0,1,1
"Kyle Kuzma",369,0,0,3,1
"Kyle Lowry",1130,24,11,114,13
"Kyle O'Quinn",474,4,3,12,11
"Kyle Singler",363,6,0,2,1
"Kyle Weaver",74,0,0,0,0
"Kyle Wiltjer",15,0,0,0,0
"Kyrie Irving",685,0,1,17,2
"Kyrylo Fesenko",145,2,0,2,1
"KZ Okpala",63,0,1,2,1
"Labradford Smith",183,4,0,5,0
"Lamar Odom",1069,61,11,110,7
"Lamar Patterson",44,0,0,0,0
"Lamar Stevens",103,0,0,3,0
"LaMarcus Aldridge",1148,27,1,21,4
"LaMelo Ball",126,5,0,6,3
"Lamond Murray",750,13,2,20,4
"Lance Allred",3,0,0,0,0
"Lance Stephenson",611,6,1,55,9
"Lance Thomas",402,4,0,0,1
"Landry Fields",267,0,0,2,0
"Landry Shamet",305,0,0,0,0
"Langston Galloway",458,4,0,0,1
"LaPhonso Ellis",640,41,0,16,7
"Laron Profit",138,0,0,0,0
"Larry D. Johnson",773,17,2,82,3
"Larry Drew II",22,0,0,0,0
"Larry Hughes",776,12,3,38,1
"Larry Krystkowiak",440,4,0,20,0
"Larry Nance",988,50,0,22,0
"Larry Nance Jr.",422,3,0,7,2
"Larry Owens",19,0,0,0,0
"Larry Robinson",89,0,0,0,0
"Larry Sanders",242,11,8,31,5
"Larry Stewart",274,4,0,3,0
"Lasalle Thompson",1013,61,0,50,4
"Latrell Sprewell",975,7,1,33,5
"Lauri Markkanen",282,3,0,1,0
"Lavor Postell",61,0,0,0,0
"Lavoy Allen",413,3,0,0,0
"Lawrence Funderburke",344,0,0,10,2
"Lawrence Moten",119,0,0,3,0
"Lawrence Roberts",87,2,0,0,0
"Lazar Hayward",77,0,0,0,0
"Leandro Barbosa",969,17,0,2,6
"Leandro Bolmaro",35,0,0,0,0
"LeBron James",1632,8,2,85,8
"Ledell Eackles",441,3,0,6,1
"Lee Mayberry",496,3,0,2,0
"Lee Nailon",315,2,1,13,0
"Leon Powe",271,7,1,7,0
"Leon Smith",15,0,0,0,0
"Leron Ellis",91,1,0,2,0
"Lester Conner",700,4,0,3,0
"Lester Hudson",64,0,0,0,0
"Linas Kleiza",435,2,1,32,2
"Lindell Wigginton",19,0,0,0,0
"Lindsey Hunter",1084,12,0,8,0
"Lindy Waters III",25,0,0,0,0
"Linton Johnson",154,4,0,5,0
"Lionel Chalmers",36,0,0,0,0
"Lionel Simmons",458,6,0,5,2
"Litterial Green",148,0,0,1,0
"Lloyd Daniels",212,0,0,1,0
"Logan Vander Velden",15,0,0,0,0
"London Perrantes",14,0,0,0,0
"Lonnie Walker IV",214,0,0,0,1
"Lonny Baxter",162,5,1,1,1
"Lonzo Ball",252,2,0,1,1
"Loren Meyer",143,9,0,7,2
"Loren Woods",219,0,0,6,1
"Lorenzen Wright",793,27,2,46,7
"Lorenzo Brown",107,0,0,0,0
"Lorenzo Williams",256,15,0,4,0
"Lou Amundson",457,7,0,9,0
"Lou Roe",68,0,0,0,0
"Lou Williams",1212,3,2,22,1
"Louis King",26,0,0,1,0
"Loy Vaught",704,22,0,14,0
"Luc Longley",1308,74,0,20,2
"Luc Mbah a Moute",721,6,0,3,0
"Lucas Nogueira",154,0,0,0,0
"Lucious Harris",854,3,1,12,0
"Luguentz Dort",145,2,1,1,3
"Luigi Datome",58,0,0,0,0
"Luis Alberto Flores",16,0,0,0,0
"Luis Montero",20,0,0,0,0
"Luis Scola",791,19,0,14,3
"Luka Doncic",292,1,3,52,3
"Luka Garza",32,1,0,1,0
"Luka Samanic",36,0,0,0,0
"Luke Babbitt",381,1,0,5,1
"Luke Harangody",70,0,0,0,0
"Luke Jackson",76,1,0,0,1
"Luke Kennard",316,2,0,6,0
"Luke Kornet",157,1,0,0,0
"Luke Ridnour",852,9,0,10,1
"Luke Schenscher",34,2,0,0,0
"Luke Walton",652,9,0,16,2
"Luke Zeller",16,0,0,0,0
"Luol Deng",964,4,1,19,1
"Luther Head",360,4,0,4,0
"Luther Wright",15,0,0,0,0
"Lynn Greer",41,0,0,0,0
"Maalik Wayns",29,0,0,0,0
"Mac McClung",2,0,0,0,1
"Maceo Baston",106,0,0,0,0
"Maciej Lampe",64,0,0,0,0
"Magic Johnson",1096,8,0,27,0
"Mahmoud Abdul-Rauf",601,6,0,12,0
"Malachi Flynn",97,0,0,1,1
"Malachi Richardson",70,0,0,0,0
"Malcolm Brogdon",357,2,0,0,2
"Malcolm Delaney",128,0,0,0,0
"Malcolm Hill",19,0,0,0,0
"Malcolm Lee",36,1,0,0,0
"Malcolm Mackey",22,0,0,0,0
"Malcolm Miller",64,0,0,0,0
"Malcolm Thomas",43,0,0,0,1
"Malik Allen",507,5,0,7,5
"Malik Beasley",356,0,2,8,0
"Malik Fitts",27,0,0,0,0
"Malik Hairston",62,0,0,0,0
"Malik Monk",309,0,0,8,0
"Malik Newman",2,0,0,0,0
"Malik Rose",895,19,1,29,2
"Malik Sealy",507,12,0,19,0
"Mamadi Diakite",34,0,0,0,2
"Mamadou N'diaye",69,1,0,1,0
"Mangok Mathiang",4,0,0,0,0
"Manny Harris",93,0,0,0,1
"Manu Ginobili",1275,9,0,15,1
"Manute Bol",653,12,0,34,0
"Marc Gasol",990,26,1,54,4
"Marc Jackson",399,2,2,34,8
"Marcelinho Huertas",76,0,0,1,0
"Marcin Gortat",892,11,0,29,0
"Marco Belinelli",925,4,0,9,8
"Marcus Banks",361,4,0,3,0
"Marcus Brown",27,0,0,0,0
"Marcus Camby",1052,36,3,45,13
"Marcus Cousin",4,0,0,0,0
"Marcus Derrickson",11,0,0,0,0
"Marcus Fizer",289,1,0,30,2
"Marcus Garrett",12,0,0,0,0
"Marcus Georges-Hunt",47,1,0,0,0
"Marcus Haislip",92,1,0,1,0
"Marcus Landry",18,0,0,0,0
"Marcus Liberty",267,5,0,0,0
"Marcus Morris Sr.",782,11,9,93,13
"Marcus Paige",5,0,0,0,0
"Marcus Smart",606,11,8,47,10
"Marcus Thornton",493,3,0,5,1
"Marcus Williams",228,0,0,1,0
"Mardy Collins",189,0,0,0,2
"Marial Shayok",4,0,0,0,0
"Mario Bennett",74,0,0,0,0
"Mario Chalmers",745,15,3,31,8
"Mario Elie",848,10,4,66,1
"Mario Hezonja",335,4,0,5,0
"Mario Kasun",73,1,0,2,1
"Mario West",186,1,0,2,0
"Mark Aguirre",1025,38,0,81,0
"Mark Blount",627,19,2,24,4
"Mark Bradtke",36,0,0,0,0
"Mark Bryant",876,27,4,50,6
"Mark G. Davis",230,10,2,9,0
"Mark Hendrickson",114,1,0,0,0
"Mark Jackson",1427,3,0,18,6
"Mark Jones",10,0,0,0,0
"Mark Macon",251,7,0,0,0
"Mark Madsen",502,7,0,4,3
"Mark Pope",166,2,0,0,0
"Mark Price",769,3,0,17,1
"Mark Randall",254,0,0,4,0
"Mark Strickland",291,0,0,4,2
"Mark West",1185,60,0,28,1
"Markel Brown",115,1,0,3,0
"Markelle Fultz",139,1,0,0,0
"Markieff Morris",765,24,13,97,18
"Marko Guduric",44,0,0,0,0
"Marko Jaric",447,6,2,14,1
"Marko Milic",46,0,0,1,0
"Marko Simonovic",9,0,0,1,0
"Markus Howard",77,0,0,0,0
"Marlon Maxey",98,1,0,2,0
"Marques Bolden",7,0,0,0,0
"Marques Bragg",53,0,0,0,1
"Marquese Chriss",300,10,5,31,2
"Marquinhos Vieira",26,0,0,1,0
"Marquis Daniels",613,2,0,2,0
"Marquis Teague",99,0,0,2,0
"Marreese Speights",765,11,4,29,13
"Marshall Plumlee",29,0,0,0,0
"MarShon Brooks",207,0,0,1,0
"Martell Webster",598,2,0,2,1
"Martin Lewis",25,0,0,0,0
"Martin Muursepp",83,2,0,0,0
"Marty Conlon",383,7,0,13,0
"Marvin Bagley III",166,4,1,5,2
"Marvin Williams",1131,14,5,20,7
"Mason Jones",36,0,0,0,0
"Mason Plumlee",721,31,1,12,7
"Mateen Cleaves",167,1,0,2,1
"Matisse Thybulle",221,2,0,5,0
"Matt Barnes",1024,21,12,96,32
"Matt Bonner",886,6,0,3,3
"Matt Bullard",650,1,0,3,0
"Matt Carroll",464,1,0,0,2
"Matt Costello",4,0,0,0,0
"Matt Fish",50,1,0,0,1
"Matt Freije",42,1,0,0,0
"Matt Geiger",589,31,1,35,7
"Matt Harpring",713,15,0,20,7
"Matt Maloney",316,1,0,11,2
"Matt Ryan",1,0,0,0,0
"Matt Steigenga",2,0,0,0,0
"Matt Thomas",139,0,0,0,0
"Matt Walsh",2,0,0,0,0
"Matt Wenstrom",11,0,0,0,0
"Matt Williams Jr.",3,0,0,0,0
"Matthew Dellavedova",499,1,1,4,4
"Maurice Ager",85,0,0,0,0
"Maurice Carter",10,0,0,0,0
"Maurice Evans",618,2,1,12,2
"Maurice Harkless",654,9,1,11,1
"Maurice Ndour",32,0,0,1,0
"Maurice Taylor",539,27,4,33,4
"Max Strus",129,3,0,5,0
"Maxi Kleber",357,3,0,6,3
"McKinley Wright IV",5,0,0,0,0
"Mehmet Okur",705,16,2,39,5
"Melvin Booker",32,0,0,0,0
"Melvin Ely",382,3,0,8,0
"Melvin Frazier Jr.",35,0,0,0,0
"Melvin Sanders",16,0,0,0,0
"Mengke Bateer",46,3,0,0,0
"Metta World Peace",1076,45,11,86,24
"Meyers Leonard",475,5,1,11,7
"Mfiondu Kabengele",51,0,0,0,0
"Micah Potter",3,0,0,0,0
"Michael A. Smith",147,0,0,1,0
"Michael Adams",673,2,0,17,1
"Michael Beasley",634,11,3,23,0
"Michael Bradley",174,0,0,1,3
"Michael Cage",1193,9,0,49,1
"Michael Carter-Williams",407,9,1,27,2
"Michael Curry",703,7,2,15,5
"Michael Dickerson",216,0,0,4,0
"Michael Doleac",618,20,0,1,6
"Michael Finley",1232,6,1,28,3
"Michael Frazier II",17,0,0,0,0
"Michael Gbinije",9,0,0,0,0
"Michael Hawkins",77,0,0,0,0
"Michael Jordan",1251,14,0,52,2
"Michael Kidd-Gilchrist",456,7,1,8,1
"Michael Olowokandi",515,30,5,37,3
"Michael Porter Jr.",154,0,0,1,1
"Michael Redd",645,1,0,2,0
"Michael Ruffin",434,12,0,2,2
"Michael Smith",453,4,1,43,10
"Michael Stewart",290,10,0,2,1
"Michael Sweetney",244,10,0,3,1
"Micheal Williams",429,20,0,4,0
"Mickael Gelabale",145,1,0,0,0
"Mickael Pietrus",626,12,1,13,4
"Mikal Bridges",344,3,0,3,1
"Mike  Harris",57,2,0,0,0
"Mike Bibby",1106,4,3,55,3
"Mike Brown",670,10,0,13,0
"Mike Conley",1031,10,0,0,1
"Mike Dunleavy",1018,11,1,18,6
"Mike Gminski",973,1,0,7,0
"Mike Hall",2,0,0,0,0
"Mike James",686,9,1,11,0
"Mike James Batiste",75,1,0,4,0
"Mike Miller",1126,17,0,16,3
"Mike Muscala",461,1,0,0,0
"Mike Penberthy",56,0,0,0,0
"Mike Peplowski",68,2,0,0,1
"Mike Scott",612,2,0,11,6
"Mike Smith",17,0,0,0,0
"Mike Taylor",51,0,0,0,0
"Mike Tobey",2,0,0,0,0
"Mike Wilks",239,0,0,0,0
"Mikki Moore",589,25,1,38,3
"Miles Bridges",291,1,0,8,2
"Miles McBride",40,0,0,0,0
"Miles Plumlee",347,2,1,2,1
"Milos Teodosic",60,0,0,1,0
"Milt Palacio",470,3,0,1,1
"Milton Doyle",10,0,0,0,0
"Mindaugas Kuzminskas",69,0,0,0,0
"Miroslav Raduljica",53,0,0,0,0
"Mirza Teletovic",343,1,0,6,2
"Mitch McGary",52,1,0,0,0
"Mitch Richmond",999,28,2,53,3
"Mitchell Butler",364,2,0,0,1
"Mitchell Creek",5,0,0,0,0
"Mitchell Robinson",230,19,0,11,3
"Miye Oni",90,0,0,0,0
"Mo Bamba",226,6,0,8,0
"Mo Williams",880,11,5,53,9
"Monta Ellis",871,3,0,34,0
"Monte Morris",328,0,0,3,0
"Montrezl Harrell",488,5,5,57,4
"Monty Williams",486,5,2,19,2
"Moochie Norris",445,0,0,1,0
"Mookie Blaylock",943,6,0,27,0
"Moritz Wagner",196,6,1,11,0
"Morlon Wiley",590,6,0,4,0
"Morris Almond",38,0,0,0,0
"Morris Peterson",744,8,4,32,3
"Moses Brown",92,2,0,3,1
"Moses Malone",1423,5,0,54,0
"Moses Moody",64,0,0,0,0
"Moses Wright",4,0,0,0,0
"Mouhamed Sene",47,0,0,0,0
"Mustafa Shakur",25,0,0,0,0
"Mychal Mulder",84,0,0,0,0
"Myke Henry",20,0,0,0,0
"Myles Powell",11,0,0,0,1
"Myles Turner",457,9,1,9,3
"Naji Marshall",93,1,0,1,2
"Nando De Colo",125,0,0,0,0
"Nassir Little",141,1,0,0,0
"Nate Darling",7,0,0,0,0
"Nate Driggers",15,0,0,0,0
"Nate Hinton",23,0,0,0,0
"Nate Huffman",7,0,0,0,0
"Nate McMillan",894,48,0,38,1
"Nate Robinson",650,12,2,61,6
"Nate Wolters",84,0,0,0,0
"Nathan Jawai",45,0,0,0,0
"Nathan Knight",76,1,0,1,0
"Naz Mitrou-Long",20,0,0,0,0
"Naz Reid",182,2,0,6,0
"Nazr Mohammed",1093,13,2,27,6
"Ndudi Ebi",19,0,0,0,0
"Neemias Queta",15,0,0,0,0
"Negele Knight",293,1,0,0,0
"Nemanja Bjelica",470,6,1,5,7
"Nemanja Nedovic",24,0,0,0,0
"Nenad Krstic",447,21,0,9,0
"Nene ",1056,42,6,61,8
"Nerlens Noel",467,12,1,10,4
"Nic Claxton",110,0,0,2,2
"Nick Anderson",849,5,0,31,0
"Nick Calathes",139,1,0,2,0
"Nick Collison",1001,35,1,17,10
"Nick Fazekas",26,0,0,0,0
"Nick Johnson",37,0,0,0,0
"Nick Richards",68,0,0,0,0
"Nick Van Exel",956,3,11,122,5
"Nick Young",755,3,4,28,3
"Nickeil Alexander-Walker",159,1,0,3,0
"Nico Mannion",30,0,0,0,0
"Nicolas Batum",973,4,0,9,3
"Nicolas Brussino",58,1,0,0,0
"Nicolas Laprovittola",18,0,0,0,0
"Nicolo Melli",108,0,0,1,1
"Nigel Hayes",9,0,0,0,0
"Nigel Williams-Goss",11,0,0,0,0
"Nik Stauskas",354,0,0,1,0
"Nikola Jokic",575,11,9,44,3
"Nikola Mirotic",359,3,0,7,1
"Nikola Pekovic",271,2,0,4,0
"Nikola Vucevic",757,17,1,45,3
"Nikoloz Tskitishvili",176,1,0,1,0
"Noah Vonleh",350,7,0,5,0
"Noel Felix",12,0,0,0,0
"Nolan Smith",84,0,0,1,1
"Norman Powell",494,4,0,9,0
"Norman Richardson",11,0,0,0,0
"Norris Cole",428,1,1,6,1
"Norvel Pelle",41,2,0,0,0
"O.J. Mayo",573,11,3,50,10
"Obi Toppin",139,0,0,0,0
"Obinna Ekezie",143,2,0,6,0
"OG Anunoby",328,7,2,7,1
"Ognjen Kuzmic",37,0,0,0,0
"Okaro White",44,0,0,1,0
"Olden Polynice",1095,16,1,64,11
"Oleksiy Pecherov",114,0,0,0,0
"Oliver Lafayette",1,0,0,0,0
"Oliver Miller",542,9,3,54,6
"Olivier Sarr",22,1,0,0,2
"Olumide Oyedeji",96,0,0,0,2
"Omar Cook",22,0,0,0,0
"Omari Johnson",4,0,0,0,0
"Omari Spellman",95,0,0,1,0
"Omer Asik",508,7,0,3,0
"Omer Yurtseven",65,1,0,1,0
"Omri Casspi",588,2,1,14,1
"Onyeka Okongwu",121,1,0,0,2
"Orien Greene",131,1,0,0,0
"Orlando Johnson",115,0,0,0,0
"Orlando Woolridge",887,24,0,37,0
"Oscar Torres",82,0,0,0,0
"Oshae Brissett",107,0,0,1,0
"Othella Harrington",737,24,3,47,5
"Othello Hunter",27,0,0,0,0
"Othyus Jeffers",43,0,0,0,0
"Otis Thorpe",1335,89,0,52,6
"Otto Porter Jr.",552,2,0,0,0
"P.J. Brown",1195,62,1,32,15
"P.J. Dozier",117,0,0,0,0
"P.J. Hairston",113,0,0,5,1
"P.J. Tucker",868,12,6,62,3
"P.J. Washington",187,2,1,7,0
"Pablo Prigioni",303,1,0,8,0
"Pape Sow",76,2,0,1,0
"Pape Sy",7,0,0,0,0
"Paris Bass",2,0,0,0,0
"Pascal Siakam",453,18,0,19,2
"Pat Burke",139,3,0,0,2
"Pat Connaughton",490,0,0,0,0
"Pat Durham",64,0,0,0,1
"Pat Garrity",572,6,0,7,6
"Patrick Beverley",591,31,9,87,4
"Patrick Christopher",4,0,0,0,0
"Patrick Ewing",1322,54,1,141,0
"Patrick Ewing Jr.",9,0,0,0,0
"Patrick McCaw",231,0,0,0,0
"Patrick O'Bryant",90,2,0,0,0
"Patrick Patterson",768,3,1,12,3
"Patrick Williams",93,0,0,0,1
"Patty Mills",914,1,0,2,2
"Pau Gasol",1362,13,0,42,4
"Paul Davis",82,0,0,0,0
"Paul George",845,16,4,64,2
"Paul Graham",182,3,0,5,0
"Paul Grant",16,0,0,0,0
"Paul McPherson",55,0,0,1,0
"Paul Millsap",1215,38,0,43,1
"Paul Pierce",1513,30,10,115,8
"Paul Reed",79,0,0,2,0
"Paul Shirley",18,0,0,0,0
"Paul Watson",48,0,0,0,1
"Paul Zipser",104,0,0,0,0
"Pavel Podkolzin",6,0,0,0,0
"Payton Pritchard",164,0,0,0,0
"Peja Stojakovic",899,4,0,14,0
"Pepe Sanchez",38,0,0,0,0
"Pero Antic",135,0,0,7,1
"Perry Jones",155,0,0,0,0
"Pervis Ellison",478,30,0,15,1
"Pete Chilcutt",605,6,0,1,2
"Pete Myers",401,3,0,22,0
"Peter John Ramos",6,0,0,0,0
"Petr Cornelie",13,0,0,0,0
"Peyton Siva",24,0,0,0,0
"Phil Pressey",148,1,0,0,0
"Pierre Deshawn Jackson",8,0,0,0,0
"Pooh Richardson",1290,6,0,8,0
"Popeye Jones",535,23,0,18,5
"Pops Mensah-Bonsu",61,0,0,1,0
"Precious Achiuwa",143,2,0,0,2
"Predrag Drobnjak",281,1,0,4,1
"Predrag Savovic",27,0,0,0,0
"Priest Lauderdale",74,0,0,3,0
"Primoz Brezec",346,8,0,10,0
"Quentin Grimes",46,0,0,0,1
"Quentin Richardson",819,13,6,44,1
"Quincy Acy",337,3,2,24,5
"Quincy Douby",143,0,0,0,0
"Quincy Lewis",171,5,0,1,0
"Quincy Miller",69,0,0,0,0
"Quincy Pondexter",389,1,0,15,0
"Quinn Cook",228,1,0,3,1
"Quinndary Weatherspoon",42,0,0,0,0
"Quinton Ross",470,1,0,1,0
"Qyntel Woods",171,3,0,0,2
"R.J. Hampton",115,0,0,3,1
"Raef LaFrentz",598,53,1,13,6
"Rafael Addison",385,4,0,1,1
"Rafael Araujo",144,0,0,4,1
"Rafer Alston",727,7,4,42,2
"Raja Bell",774,31,9,87,15
"Rajon Rondo",1091,6,10,61,7
"Rakeem Christmas",30,0,0,0,0
"Ramon Sessions",713,0,0,9,3
"Randolph Childress",51,0,0,0,0
"Randolph Keys",242,3,0,0,1
"Randolph Morris",80,3,0,0,0
"Randy Breuer",1482,48,0,18,0
"Randy Brown",702,9,2,36,1
"Randy Foye",779,11,0,2,3
"Randy Holcomb",4,0,0,0,0
"Randy Livingston",220,1,0,0,0
"Randy White",562,22,0,34,0
"Randy Woods",151,0,0,9,1
"Rashad McCants",249,5,1,9,1
"Rashad Vaughn",142,0,0,0,0
"Rashard Lewis",1142,19,2,53,1
"Rasheed Wallace",1286,50,29,373,8
"Rasho Nesterovic",875,39,0,10,5
"Rastko Cvetkovic",14,0,0,0,0
"Rasual Butler",852,2,0,9,1
"Ratko Varda",1,0,0,0,0
"Raul Lopez",113,2,0,1,0
"Raul Neto",414,1,0,8,1
"Rawle Alkins",10,0,0,0,0
"Rawle Marshall",63,0,0,0,0
"Ray Allen",1471,23,0,29,0
"Ray McCallum",154,0,0,0,0
"Ray Owes",57,1,0,0,0
"Ray Spalding",16,0,0,0,0
"Rayjon Tucker",50,0,0,0,0
"Raymond Felton",1018,4,0,25,3
"Reece Gaines",71,0,0,0,0
"Reggie Bullock",461,2,1,8,3
"Reggie Evans",854,7,2,52,3
"Reggie Geary",108,0,0,0,0
"Reggie Hanson",8,0,0,0,0
"Reggie Hearn",3,0,0,0,0
"Reggie Jackson",772,6,0,18,2
"Reggie Jordan",198,0,0,1,0
"Reggie Miller",1533,12,12,175,5
"Reggie Perry",41,0,0,1,0
"Reggie Slater",263,6,0,2,5
"Reggie Smith",66,0,0,0,0
"Reggie Williams",829,33,0,50,1
"Renaldo Balkman",229,2,0,2,2
"Renaldo Major",1,0,0,0,0
"Rex Chapman",679,5,2,27,0
"Rex Walters",339,1,0,6,2
"Rich King",72,0,0,0,0
"Rich Manning",58,0,0,0,0
"Richard Dumas",128,1,0,5,0
"Richard Hamilton",1051,28,14,116,7
"Richard Jefferson",1321,15,1,52,8
"Richard Petruska",22,0,0,0,0
"Richaun Holmes",379,16,3,16,1
"Richie Frahm",140,0,0,0,0
"Rick Brunson",353,0,0,4,1
"Rick Fox",1041,39,4,47,13
"Rick Mahorn",1223,80,0,168,1
"Ricky Davis",747,7,1,53,7
"Ricky Grace",3,0,0,0,0
"Ricky Ledo",28,0,0,0,0
"Ricky Pierce",1066,16,0,34,0
"Ricky Rubio",676,9,0,11,0
"Rik Smits",971,86,0,45,3
"RJ Barrett",203,2,0,6,0
"RJ Hunter",50,0,0,0,0
"RJ Nembhard Jr.",14,0,0,0,0
"Rob Edwards",2,0,0,0,0
"Rob Kurz",40,0,0,0,0
"Robbie John Hummel",98,0,0,0,0
"Robert Archibald",44,0,0,0,0
"Robert Churchwell",4,0,0,0,0
"Robert Covington",565,12,1,18,1
"Robert Franks",7,0,0,0,0
"Robert Hite",12,0,0,0,0
"Robert Horry",1351,32,2,75,12
"Robert Pack",585,3,0,20,0
"Robert Parish",1795,102,0,12,0
"Robert Sacre",191,5,0,1,0
"Robert Swift",97,3,0,0,0
"Robert Traylor",460,15,1,26,4
"Robert Werdann",47,1,0,0,0
"Robert Whaley",23,1,0,0,0
"Robert Williams III",208,2,0,6,0
"Robert Woodard II",25,0,0,0,0
"Robin Lopez",975,13,11,62,10
"Rod Higgins",812,12,0,5,0
"Rod Strickland",1146,15,4,48,0
"Rodions Kurucs",139,3,1,5,2
"Rodney Buford",254,2,0,3,0
"Rodney Carney",305,0,0,2,0
"Rodney Hood",492,3,2,7,3
"Rodney McGruder",294,0,0,2,0
"Rodney Purvis",16,0,0,0,0
"Rodney Rogers",948,46,3,51,8
"Rodney Stuckey",679,9,0,19,4
"Rodney White",223,1,0,2,0
"Rodrick Rhodes",75,0,0,0,0
"Rodrigue Beaubois",188,1,0,1,0
"Roger Mason Jr.",542,1,0,2,0
"Roger Powell",3,0,0,0,0
"Roko-Leni Ukic",85,0,0,0,0
"Rolando Blackman",1049,2,0,25,0
"Romeo Langford",109,0,0,0,0
"Ron Anderson",691,2,0,5,0
"Ron Baker",96,0,0,0,0
"Ron Grandison",105,0,0,0,0
"Ron Harper",1121,12,0,44,2
"Ron Mercer",443,10,0,5,1
"Ronald Dupree",171,5,0,1,3
"Ronald Murray",532,0,0,3,1
"Rondae Hollis-Jefferson",319,6,0,10,0
"Ronnie Brewer",549,0,0,1,0
"Ronnie Price",572,7,1,8,2
"Ronny Turiaf",520,15,0,22,3
"Rony Seikaly",692,44,0,26,0
"Roshown McLeod",119,0,0,0,0
"Roy Hibbert",716,28,2,32,5
"Roy Marble",29,0,0,0,0
"Roy Rogers",137,1,0,2,0
"Roy Tarpley",304,19,0,26,0
"Royal Ivey",508,3,0,6,2
"Royce O'Neale",410,3,0,9,3
"Ruben Boumtje-Boumtje",44,0,0,0,0
"Ruben Garces",13,0,0,0,0
"Ruben Nembhard",10,0,0,0,0
"Ruben Patterson",671,4,1,63,2
"Ruben Wolkowyski",41,0,0,0,0
"Rudy Fernandez",267,1,0,7,0
"Rudy Gay",1083,20,3,40,3
"Rudy Gobert",660,17,4,70,7
"Rui Hachimura",152,1,0,3,0
"Rumeal Robinson",352,3,0,3,0
"Russ Smith",29,0,0,0,0
"Russell Westbrook",1132,22,10,183,17
"Rusty LaRue",102,0,0,1,1
"Ryan Anderson",695,5,0,15,1
"Ryan Arcidiacono",217,1,0,1,2
"Ryan Bowen",528,3,0,0,1
"Ryan Broekhoff",59,0,0,0,0
"Ryan Gomes",487,4,0,3,1
"Ryan Hollins",554,13,6,24,9
"Ryan Humphrey",88,1,0,0,2
"Ryan Kelly",163,1,0,0,1
"Ryan Lorthridge",37,0,0,0,0
"Saben Lee",85,0,0,0,0
"Saddiq Bey",152,1,0,1,1
"Salah Mejri",208,2,1,14,1
"Salim Stoudamire",160,1,0,0,0
"Sam Bowie",540,33,0,38,1
"Sam Cassell",1129,48,6,125,9
"Sam Dekker",205,0,0,1,0
"Sam Hauser",31,0,0,0,0
"Sam Jacobson",68,3,0,0,0
"Sam Mack",269,1,0,4,1
"Sam Merrill",44,0,0,0,0
"Sam Mitchell",2106,60,2,38,20
"Sam Perkins",1453,26,0,27,9
"Sam Young",279,0,0,4,0
"Samaki Walker",493,13,0,11,1
"Samardo Samuels",109,3,0,2,0
"Samuel Dalembert",911,41,2,26,4
"Sandro Mamukelashvili",41,0,0,0,0
"Santi Aldama",32,0,0,0,0
"Sarunas Jasikevicius",148,0,0,3,0
"Sarunas Marciulionis",380,17,0,17,0
"Sasha Danilovic",78,2,0,7,0
"Sasha Kaun",25,0,0,0,0
"Sasha Pavlovic",619,15,0,12,4
"Sasha Vujacic",646,2,0,20,2
"Scot Pollard",566,14,0,14,4
"Scott Brooks",1428,4,0,12,0
"Scott Burrell",406,7,1,9,2
"Scott Haskin",27,0,0,1,0
"Scott Machado",15,0,0,0,0
"Scott Padgett",478,2,0,1,1
"Scott Skiles",602,10,0,66,3
"Scott Williams",840,23,3,63,6
"Scottie Barnes",78,1,0,5,1
"Scottie Lewis",2,0,0,0,0
"Scottie Pippen",1386,48,5,147,4
"Scotty Hopson",4,0,0,0,0
"Sean Colson",13,0,0,0,0
"Sean Elliott",827,12,1,18,0
"Sean Green",84,0,0,0,0
"Sean Higgins",223,2,0,5,0
"Sean Kilpatrick",157,0,0,1,0
"Sean Lampley",45,0,0,0,0
"Sean Marks",236,2,0,1,0
"Sean May",119,0,0,2,0
"Sean McDermott",18,0,0,0,0
"Sean Rooks",1556,20,8,36,8
"Sean Singletary",37,0,0,0,0
"Sean Williams",137,3,0,2,2
"Sebastian Telfair",564,7,4,36,6
"Sedale Threatt",1021,9,0,4,0
"Sedric Toney",115,1,0,0,0
"Sekou Doumbouya",96,1,0,0,0
"Semaj Christon",66,0,0,1,0
"Semi Ojeleye",322,2,0,1,1
"Semih Erden",69,2,0,0,0
"Serge Ibaka",1055,34,8,71,8
"Sergei Bazarevich",10,0,0,0,0
"Sergei Monia",26,0,0,0,0
"Sergey Karasev",95,0,0,0,0
"Sergio Rodriguez",358,0,0,1,0
"Seth Curry",415,2,0,5,1
"Shabazz Muhammad",282,0,0,2,2
"Shabazz Napier",354,0,0,2,0
"Shai Gilgeous-Alexander",256,0,0,1,0
"Shake Milton",206,0,0,7,0
"Shammond Williams",340,0,0,7,3
"Shamorie Ponds",4,0,0,0,0
"Shandon Anderson",793,7,1,5,3
"Shane Battier",1089,15,0,6,2
"Shane Edwards",2,0,0,0,0
"Shane Heal",51,0,0,0,1
"Shane Larkin",269,1,0,1,0
"Shannon Brown",463,0,2,12,2
"Shaq Buchanan",2,0,0,0,0
"Shaquille Harrison",184,1,0,1,0
"Shaquille O'Neal",1423,75,10,171,46
"Shareef Abdur-Rahim",836,17,5,109,3
"Sharife Cooper",13,0,0,0,0
"Sharone Wright",203,12,0,13,0
"Sharrod Ford",3,0,0,0,0
"Shaun Livingston",959,7,2,21,3
"Shavlik Randolph",149,1,0,0,0
"Shawn Bradley",875,70,6,118,11
"Shawn Kemp",1139,123,7,115,10
"Shawn Long",18,0,0,1,0
"Shawn Marion",1272,13,0,13,1
"Shawn Respert",172,0,0,0,0
"Shawne Williams",318,10,2,11,1
"Shawnelle Scott",113,0,0,4,1
"Shayne Whittington",27,0,0,0,0
"Shea Seals",4,0,0,0,0
"Shelden Williams",369,2,0,6,0
"Sheldon Mac",37,0,0,0,0
"Shelvin Mack",486,1,0,4,0
"Sherman Douglas",782,7,0,71,5
"Sherrell Ford",28,0,0,0,0
"Sherron Collins",20,0,0,0,0
"Sim Bhullar",3,0,0,0,0
"Sindarius Thornwell",164,1,1,2,1
"Skal Labissiere",151,1,0,1,1
"Skeeter Henry",7,0,0,0,0
"Skylar Mays",70,0,0,1,0
"Slava Kravtsov",45,0,0,0,0
"Slava Medvedenko",300,1,0,10,0
"Sleepy Floyd",993,9,0,56,0
"Smush Parker",286,8,2,14,0
"Solomon Alabi",26,0,0,0,0
"Solomon Hill",486,0,0,10,3
"Solomon Jones",297,7,1,6,7
"Sonny Weems",183,1,0,1,0
"Soumaila Samake",47,0,0,1,0
"Speedy Claxton",364,14,1,5,3
"Spencer Dinwiddie",411,7,0,24,1
"Spencer Hawes",718,15,1,46,3
"Spud Webb",853,4,0,48,0
"Stacey Augmon",1078,5,2,39,10
"Stacey King",499,4,0,11,0
"Stanley Jackson",17,0,0,0,0
"Stanley Johnson",426,4,0,13,4
"Stanley Roberts",309,36,0,29,1
"Stefano Rusconi",7,0,0,0,0
"Stephane Lasme",16,0,0,0,0
"Stephen Curry",958,12,2,25,0
"Stephen Graham",241,1,0,3,0
"Stephen Howard",135,0,0,5,1
"Stephen Jackson",930,23,11,135,5
"Stephen Zimmerman",19,0,0,0,0
"Stephon Marbury",878,13,0,48,3
"Sterling Brown",288,2,0,10,0
"Steve Bardo",66,2,0,0,0
"Steve Blake",923,3,1,20,1
"Steve Colter",550,1,0,1,0
"Steve Francis",581,30,8,129,13
"Steve Goodrich",21,0,0,0,0
"Steve Hamer",35,0,0,1,0
"Steve Henson",244,1,0,0,0
"Steve Kerr",1038,0,0,6,1
"Steve Nash",1337,6,1,50,1
"Steve Novak",489,0,0,0,0
"Steve Scheffler",193,0,0,0,0
"Steve Smith",1032,24,0,42,2
"Steven Adams",730,17,0,37,3
"Steven Hill",1,0,0,0,0
"Steven Hunter",424,2,0,9,0
"Steven Smith",8,0,0,0,0
"Stevin Smith",8,0,0,0,0
"Stojko Vrankovic",173,5,1,6,0
"Stromile Swift",554,15,0,5,3
"Sun Yue",10,0,0,0,0
"Sundiata Gaines",118,0,0,0,0
"Svi Mykhailiuk",223,0,0,0,0
"T.J. Ford",447,8,1,16,1
"T.J. Leaf",151,1,0,0,0
"T.J. McConnell",503,0,0,8,1
"T.J. Warren",336,6,4,26,4
"Tacko Fall",40,0,0,0,0
"Tahjere McCall",1,0,0,0,0
"Taj Gibson",967,38,8,54,6
"Talen Horton-Tucker",137,0,0,1,3
"Tamar Slay",78,0,0,0,0
"Tang Hamilton",9,0,0,0,0
"Tarence Kinsey",118,1,0,0,0
"Tarik Black",227,3,0,1,1
"Tariq Abdul-Wahad",249,2,0,0,0
"Tariq Owens",3,0,0,0,0
"Tate George",183,0,0,0,0
"Taurean Green",17,0,0,0,0
"Taurean Prince",381,4,4,23,5
"Taylor Griffin",8,0,0,0,0
"Tayshaun Prince",1157,3,0,8,1
"Tellis Frank",528,26,0,18,0
"Terance Mann",221,2,0,3,1
"Terence Davis",169,3,0,6,1
"Terence Morris",139,1,0,0,0
"Terrance Ferguson",216,5,0,4,0
"Terrel Harris",46,0,0,0,0
"Terrell Brandon",762,7,0,15,1
"Terrence Jones",259,1,0,11,2
"Terrence Rencher",36,0,0,0,0
"Terrence Ross",711,8,1,16,1
"Terrence Williams",158,0,0,0,2
"Terry Cummings",1293,59,1,78,9
"Terry Davis",960,32,0,70,6
"Terry Dehere",402,2,1,7,4
"Terry Mills",695,28,0,9,8
"Terry Porter",1398,7,1,26,0
"Terry Rozier",527,1,1,26,1
"Terry Taylor",33,1,0,0,0
"Thabo Sefolosha",965,2,0,14,1
"Thaddeus Young",1142,15,1,19,3
"Thanasis Antetokounmpo",148,1,0,5,0
"Theo Maledon",116,0,0,0,0
"Theo Pinson",90,0,0,0,0
"Theo Ratliff",854,40,1,10,1
"Theron Smith",53,0,0,0,0
"Thomas Bryant",170,1,0,13,1
"Thomas Gardner",23,0,0,0,0
"Thomas Hamilton",33,0,0,0,0
"Thomas Robinson",324,2,1,9,2
"Thomas Welsh",11,0,0,0,0
"Thon Maker",279,3,0,2,2
"Thurl Bailey",1994,20,0,22,0
"Tiago Splitter",420,3,0,0,0
"Tibor Pleiss",12,0,0,0,0
"Tierre Brown",134,0,0,0,0
"Tim Breaux",102,0,0,0,0
"Tim Duncan",1643,23,2,91,1
"Tim Frazier",304,1,1,4,0
"Tim Hardaway",923,24,4,93,8
"Tim Hardaway Jr.",614,3,0,18,4
"Tim James",43,0,0,0,0
"Tim Kempton",286,11,0,12,0
"Tim Legler",626,0,0,6,0
"Tim Ohlbrecht",3,0,0,0,0
"Tim Perry",504,5,0,5,0
"Tim Quarterman",21,0,0,0,0
"Tim Thomas",879,43,3,50,10
"Timofey Mozgov",494,12,1,15,1
"Timothe Luwawu-Cabarrot",343,3,0,3,2
"Tito Maddox",9,0,0,0,0
"Tobias Harris",797,12,0,29,0
"Tod Murphy",382,6,0,6,0
"Todd Day",492,14,1,34,4
"Todd Fuller",235,0,0,4,0
"Todd Lichti",240,2,0,2,0
"Todd MacCulloch",266,1,0,0,0
"Todd Mundt",33,0,0,0,0
"Tom Chambers",1215,80,0,95,2
"Tom Gugliotta",775,9,1,61,14
"Tom Hammonds",708,5,0,28,3
"Tom Tolbert",321,8,0,11,0
"Tomas Satoransky",404,2,0,3,1
"Toney Douglas",409,1,0,2,1
"Toni Kukoc",945,3,2,25,0
"Tony Allen",932,13,1,24,4
"Tony Battie",893,28,2,22,14
"Tony Bennett",160,0,0,0,0
"Tony Bobbitt",2,0,0,0,0
"Tony Bradley",176,1,1,2,3
"Tony Campbell",1456,22,0,38,0
"Tony Dawson",6,0,0,0,0
"Tony Delk",598,5,0,8,2
"Tony Dumas",156,0,0,3,1
"Tony Farmer",101,1,0,3,1
"Tony Harris",14,0,0,0,0
"Tony Massenburg",698,8,4,28,13
"Tony Mitchell",24,0,0,0,0
"Tony Parker",1480,5,0,23,0
"Tony Smith",484,7,0,1,0
"Tony Snell",648,0,0,0,1
"Tony Wroten",151,2,0,5,0
"Tornike Shengelia",45,0,0,0,0
"Torraye Braggs",22,0,0,0,0
"Torrey Craig",364,9,0,3,0
"Toure' Murry",56,0,0,0,1
"Tracy McGrady",988,5,4,61,4
"Tracy Moore",238,0,0,0,0
"Tracy Murray",666,5,0,4,0
"Trae Young",301,0,1,49,1
"Trajan Langdon",119,0,0,0,0
"Travis Best",771,37,1,18,5
"Travis Diener",181,1,0,2,1
"Travis Hansen",41,0,0,0,0
"Travis Knight",398,9,0,3,0
"Travis Outlaw",628,1,1,5,4
"Travis Wear",68,0,0,0,0
"Travis Williams",51,0,0,0,0
"Tre Jones",106,1,0,0,0
"Tre Mann",60,1,0,0,0
"Tree Rollins",1249,102,0,38,0
"Tremaine Fowlkes",103,0,0,0,0
"Tremont Waters",44,0,0,0,1
"Trendon Watford",48,2,0,0,0
"Trent Forrest",94,0,0,1,0
"Trenton Hassell",662,10,0,5,0
"Trevelin Queen",10,0,0,0,0
"Treveon Graham",185,2,0,2,0
"Trevon Duval",3,0,0,0,0
"Trevon Scott",2,0,0,0,0
"Trevor Ariza",1224,6,6,45,6
"Trevor Booker",548,7,1,28,3
"Trevor Ruffin",115,0,0,2,0
"Trevor Wilson",103,0,0,3,1
"Trey Burke",519,1,0,2,1
"Trey Gilder",2,0,0,0,0
"Trey Johnson",26,0,0,0,0
"Trey Lyles",454,2,1,7,2
"Trey Murphy III",68,0,0,1,1
"Tristan Thompson",818,3,3,31,6
"Troy Bell",6,0,0,0,0
"Troy Brown Jr.",224,0,0,0,0
"Troy Caupain",4,0,0,0,0
"Troy Daniels",359,1,1,2,0
"Troy Hudson",531,2,0,1,0
"Troy Murphy",734,19,3,47,9
"Troy Williams",77,0,0,0,0
"Ty-Shon Alexander",16,0,0,0,0
"Ty Jerome",112,0,0,0,0
"Ty Lawson",587,3,0,0,0
"Tyler Bey",18,0,0,0,0
"Tyler Cavanaugh",50,0,0,0,0
"Tyler Cook",65,0,0,0,0
"Tyler Dorsey",104,1,0,0,0
"Tyler Ennis",187,1,0,0,0
"Tyler Hansbrough",472,3,1,19,6
"Tyler Herro",215,0,2,6,2
"Tyler Honeycutt",24,0,0,0,0
"Tyler Johnson",376,3,0,5,0
"Tyler Lydon",26,0,0,0,0
"Tyler Ulis",133,0,1,2,1
"Tyler Zeller",439,9,0,2,2
"Tyreke Evans",602,6,1,21,1
"Tyrell Terry",13,0,0,0,0
"Tyrese Haliburton",135,2,0,1,0
"Tyrese Maxey",160,1,0,0,0
"Tyrone Bogues",908,6,0,37,0
"Tyrone Corbin",2292,44,2,58,2
"Tyrone Hill",875,69,1,78,6
"Tyrone Nesby",255,9,2,20,1
"Tyrone Wallace",114,0,0,0,0
"Tyronn Lue",575,7,0,11,5
"Tyrus Thomas",423,7,3,30,3
"Tyshawn Taylor",61,0,0,0,0
"Tyson Chandler",1235,60,10,138,20
"Tyus Edney",232,3,0,1,0
"Tyus Jones",476,0,0,1,2
"Udoka Azubuike",32,0,0,0,0
"Udonis Haslem",1019,17,4,50,4
"Uros Slokar",20,0,0,0,0
"Usman Garuba",24,0,0,0,0
"Vander Blue",10,0,0,0,0
"Vasileios Spanoulis",32,1,0,0,0
"Vern Fleming",930,18,0,1,0
"Vernon Carey Jr.",26,0,0,0,0
"Vernon Maxwell",904,12,2,113,5
"Vic Law",9,0,0,0,0
"Victor Alexander",291,4,0,2,0
"Victor Claver",80,1,0,0,0
"Victor Khryapa",143,7,0,3,0
"Victor Oladipo",493,2,0,9,1
"Vin Baker",815,48,3,74,3
"Vince Carter",1629,28,5,99,6
"Vince Shamar Hunter",4,0,0,0,0
"Vincent Askew",517,11,0,35,7
"Vincent Edwards",2,0,0,0,0
"Vincent Poirier",33,0,0,0,0
"Vincent Yarbrough",59,2,0,0,0
"Vinny Del Negro",825,4,0,13,1
"Vit Krejci",30,0,0,0,0
"Vitaly Potapenko",623,17,3,44,10
"Vitor Faverani",37,1,0,0,0
"Vlade Divac",1255,69,2,128,3
"Vladimir Radmanovic",784,10,1,19,2
"Vladimir Stepania",270,1,1,6,3
"Vlatko Cancar",77,0,0,0,0
"Von Wafer",217,0,0,2,0
"Vonteego Cummings",199,6,1,2,3
"Voshon Lenard",596,6,0,12,2
"Wade Baldwin IV",63,0,0,0,0
"Wally Szczerbiak",705,9,0,16,3
"Walt Lemon Jr.",11,0,0,1,0
"Walt Williams",743,36,3,39,5
"Walter Bond",314,8,0,12,2
"Walter Herrmann Heinrich",160,0,0,0,0
"Walter McCarty",639,10,1,3,4
"Walter Sharpe",8,0,0,0,0
"Warren Kidd",68,0,0,1,0
"Wayman Tisdale",862,49,0,38,3
"Wayne Ellington",781,2,0,6,1
"Wayne Selden",133,0,3,7,0
"Wayne Simien",51,2,0,0,0
"Wendell Carter Jr.",203,12,1,15,3
"Wenyen Gabriel",81,3,0,1,1
"Wes Iwundu",236,1,2,6,1
"Wesley Johnson",618,11,0,0,0
"Wesley Matthews",962,9,1,56,1
"Wesley Person",760,1,0,3,6
"Will Barton",652,0,0,14,0
"Will Blalock",14,0,0,0,0
"Will Bynum",367,2,1,5,1
"Will Cherry",8,0,0,0,0
"Will Conroy",16,0,0,0,0
"Will Perdue",900,12,1,55,7
"Will Solomon",115,0,0,3,0
"William Avery",144,0,0,0,0
"William Cunningham",23,0,0,0,1
"Willie Anderson",607,26,0,17,0
"Willie Burton",318,11,0,14,0
"Willie Cauley-Stein",428,9,0,11,4
"Willie Green",767,2,0,0,0
"Willie Reed",152,1,0,1,2
"Willie Warren",19,0,0,0,0
"Willy Hernangomez",307,2,0,2,4
"Wilson Chandler",691,20,1,4,1
"Winston Garland",531,12,0,31,0
"Xavier Henry",185,0,0,2,0
"Xavier Mcdaniel",921,28,0,87,0
"Xavier Moon",10,0,0,0,0
"Xavier Munford",24,0,0,1,0
"Xavier Rathan-Mayes",5,0,0,1,0
"Xavier Sneed",9,0,0,0,0
"Xavier Tillman",124,2,0,0,2
"Yakhouba Diawara",196,1,0,1,0
"Yante Maten",2,0,0,0,0
"Yao Ming",514,25,1,13,0
"Yaroslav Korolev",34,0,0,0,0
"Yi Jianlian",273,3,0,1,0
"Yinka Dare",110,3,0,0,0
"Yogi Ferrell",268,0,0,1,0
"Yuta Tabuse",4,0,0,0,0
"Yuta Watanabe",125,0,0,1,0
"Yves Pons",12,0,0,0,0
"Zabian Dowdell",24,0,1,1,0
"Zach Collins",202,7,0,14,0
"Zach LaVine",482,3,0,16,0
"Zach Randolph",1186,11,6,64,7
"Zan Tabak",267,4,0,3,2
"Zarko Cabarkapa",150,0,0,0,0
"Zavier Simpson",4,1,0,0,0
"Zaza Pachulia",1173,17,7,69,23
"Zeke Nnaji",90,0,0,2,0
"Zeljko Rebraca",227,6,1,8,0
"Zendon Hamilton",134,0,0,2,1
"Zhaire Smith",15,0,0,0,0
"ZhiZhi Wang",153,0,0,0,0
"Zhou Qi",22,0,0,0,0
"Ziaire Williams",72,0,0,1,0
"Zion Williamson",85,1,0,0,0
"Zoran Dragic",16,0,0,0,0
"Zoran Planinic",160,4,0,0,0
"Zydrunas Ilgauskas",923,45,6,71,9
"Zylan Cheatham",5,0,0,0,0
